seed,condition,cat_size,correct,stim_label,type
1925,Uniform-Low,6,1,Prototype,Prototype
1925,Uniform-Low,9,1,Medium,New
1925,Uniform-Low,6,1,Low,New
1925,Uniform-Low,6,1,Medium,New
1925,Uniform-Low,9,1,Prototype,Prototype
1925,Uniform-Low,6,1,Low,New
1925,Uniform-Low,6,1,High,New
1925,Uniform-Low,3,1,Low,New
1925,Uniform-Low,3,1,Medium,New
1925,Uniform-Low,9,1,Old,Old
1925,Uniform-Low,9,1,High,New
1925,Uniform-Low,9,1,Old,Old
1925,Uniform-Low,3,1,Old,Old
1925,Uniform-Low,3,1,High,New
1925,Uniform-Low,9,1,Medium,New
1925,Uniform-Low,3,1,Medium,New
1925,Uniform-Low,3,1,High,New
1925,Uniform-Low,6,1,Old,Old
1925,Uniform-Low,9,1,Old,Old
1925,Uniform-Low,9,1,Low,New
1925,Uniform-Low,9,1,Low,New
1925,Uniform-Low,9,1,Low,New
1925,Uniform-Low,3,1,Prototype,Prototype
1925,Uniform-Low,3,1,High,New
1925,Uniform-Low,6,1,Old,Old
1925,Uniform-Low,6,1,Old,Old
1925,Uniform-Low,9,1,High,New
1925,Uniform-Low,6,1,High,New
1925,Uniform-Low,6,1,Medium,New
1925,Uniform-Low,6,1,High,New
1925,Uniform-Low,3,1,Medium,New
1925,Uniform-Low,3,1,Old,Old
1925,Uniform-Low,9,1,High,New
1925,Uniform-Low,6,1,Medium,New
1925,Uniform-Low,3,1,Low,New
1925,Uniform-Low,9,1,Medium,New
1925,Uniform-Low,3,1,Low,New
1925,Uniform-Low,6,1,Low,New
1925,Uniform-Low,3,1,Old,Old
1976,Uniform-Low,6,1,Medium,New
1976,Uniform-Low,9,1,High,New
1976,Uniform-Low,3,1,Old,Old
1976,Uniform-Low,3,1,High,New
1976,Uniform-Low,3,1,Old,Old
1976,Uniform-Low,6,1,Old,Old
1976,Uniform-Low,3,1,Low,New
1976,Uniform-Low,9,1,Low,New
1976,Uniform-Low,3,1,Low,New
1976,Uniform-Low,9,1,Medium,New
1976,Uniform-Low,6,1,Prototype,Prototype
1976,Uniform-Low,9,1,Medium,New
1976,Uniform-Low,3,1,Medium,New
1976,Uniform-Low,6,1,High,New
1976,Uniform-Low,6,1,Low,New
1976,Uniform-Low,3,1,High,New
1976,Uniform-Low,9,1,Low,New
1976,Uniform-Low,6,1,High,New
1976,Uniform-Low,3,1,Medium,New
1976,Uniform-Low,6,1,High,New
1976,Uniform-Low,9,1,Prototype,Prototype
1976,Uniform-Low,9,1,Old,Old
1976,Uniform-Low,9,1,Old,Old
1976,Uniform-Low,9,1,Low,New
1976,Uniform-Low,3,1,High,New
1976,Uniform-Low,3,1,Prototype,Prototype
1976,Uniform-Low,9,1,High,New
1976,Uniform-Low,6,1,Medium,New
1976,Uniform-Low,6,1,Low,New
1976,Uniform-Low,6,1,Old,Old
1976,Uniform-Low,9,1,Medium,New
1976,Uniform-Low,3,1,Low,New
1976,Uniform-Low,9,1,Old,Old
1976,Uniform-Low,6,1,Low,New
1976,Uniform-Low,6,1,Old,Old
1976,Uniform-Low,9,1,High,New
1976,Uniform-Low,3,1,Medium,New
1976,Uniform-Low,3,1,Old,Old
1976,Uniform-Low,6,1,Medium,New
2027,Uniform-Low,9,1,Prototype,Prototype
2027,Uniform-Low,6,1,Medium,New
2027,Uniform-Low,3,1,High,New
2027,Uniform-Low,9,1,Old,Old
2027,Uniform-Low,9,1,High,New
2027,Uniform-Low,9,1,Old,Old
2027,Uniform-Low,3,1,Old,Old
2027,Uniform-Low,6,1,Old,Old
2027,Uniform-Low,6,1,High,New
2027,Uniform-Low,3,1,Old,Old
2027,Uniform-Low,9,1,High,New
2027,Uniform-Low,9,1,Old,Old
2027,Uniform-Low,3,1,Low,New
2027,Uniform-Low,9,1,Medium,New
2027,Uniform-Low,6,1,High,New
2027,Uniform-Low,9,1,High,New
2027,Uniform-Low,6,1,Old,Old
2027,Uniform-Low,3,1,Prototype,Prototype
2027,Uniform-Low,9,1,Low,New
2027,Uniform-Low,6,1,Low,New
2027,Uniform-Low,3,1,High,New
2027,Uniform-Low,3,1,Old,Old
2027,Uniform-Low,3,1,Low,New
2027,Uniform-Low,9,1,Low,New
2027,Uniform-Low,3,1,Medium,New
2027,Uniform-Low,3,1,High,New
2027,Uniform-Low,3,1,Low,New
2027,Uniform-Low,9,1,Medium,New
2027,Uniform-Low,3,1,Medium,New
2027,Uniform-Low,6,1,Old,Old
2027,Uniform-Low,3,1,Medium,New
2027,Uniform-Low,6,1,Prototype,Prototype
2027,Uniform-Low,6,1,Low,New
2027,Uniform-Low,6,1,Medium,New
2027,Uniform-Low,9,1,Medium,New
2027,Uniform-Low,6,1,Medium,New
2027,Uniform-Low,6,1,Low,New
2027,Uniform-Low,6,1,High,New
2027,Uniform-Low,9,1,Low,New
2078,Uniform-Low,9,1,High,New
2078,Uniform-Low,3,1,Low,New
2078,Uniform-Low,6,1,High,New
2078,Uniform-Low,3,1,Old,Old
2078,Uniform-Low,6,1,Old,Old
2078,Uniform-Low,9,1,Old,Old
2078,Uniform-Low,3,1,Medium,New
2078,Uniform-Low,9,1,Low,New
2078,Uniform-Low,6,1,Low,New
2078,Uniform-Low,9,1,Low,New
2078,Uniform-Low,9,1,High,New
2078,Uniform-Low,6,1,Medium,New
2078,Uniform-Low,6,1,Old,Old
2078,Uniform-Low,3,1,Old,Old
2078,Uniform-Low,9,1,Medium,New
2078,Uniform-Low,3,1,Low,New
2078,Uniform-Low,9,1,Prototype,Prototype
2078,Uniform-Low,6,1,Medium,New
2078,Uniform-Low,3,1,High,New
2078,Uniform-Low,6,1,High,New
2078,Uniform-Low,6,1,Low,New
2078,Uniform-Low,9,1,Low,New
2078,Uniform-Low,9,1,High,New
2078,Uniform-Low,3,1,High,New
2078,Uniform-Low,6,1,Prototype,Prototype
2078,Uniform-Low,3,1,Prototype,Prototype
2078,Uniform-Low,3,1,Medium,New
2078,Uniform-Low,3,1,Low,New
2078,Uniform-Low,6,1,High,New
2078,Uniform-Low,3,1,High,New
2078,Uniform-Low,3,1,Medium,New
2078,Uniform-Low,3,1,Old,Old
2078,Uniform-Low,6,1,Medium,New
2078,Uniform-Low,9,1,Old,Old
2078,Uniform-Low,9,1,Medium,New
2078,Uniform-Low,9,1,Old,Old
2078,Uniform-Low,6,1,Low,New
2078,Uniform-Low,9,1,Medium,New
2078,Uniform-Low,6,1,Old,Old
2129,Uniform-Low,9,1,Old,Old
2129,Uniform-Low,6,1,Low,New
2129,Uniform-Low,9,1,Medium,New
2129,Uniform-Low,6,1,Old,Old
2129,Uniform-Low,3,1,High,New
2129,Uniform-Low,3,1,Old,Old
2129,Uniform-Low,6,1,High,New
2129,Uniform-Low,3,1,High,New
2129,Uniform-Low,3,1,Medium,New
2129,Uniform-Low,6,1,High,New
2129,Uniform-Low,6,1,Medium,New
2129,Uniform-Low,9,1,High,New
2129,Uniform-Low,6,1,Low,New
2129,Uniform-Low,6,1,High,New
2129,Uniform-Low,9,1,Low,New
2129,Uniform-Low,6,1,Old,Old
2129,Uniform-Low,6,1,Old,Old
2129,Uniform-Low,3,1,Medium,New
2129,Uniform-Low,3,1,Low,New
2129,Uniform-Low,9,1,High,New
2129,Uniform-Low,3,1,Low,New
2129,Uniform-Low,3,1,Low,New
2129,Uniform-Low,9,1,Old,Old
2129,Uniform-Low,9,1,Prototype,Prototype
2129,Uniform-Low,9,1,High,New
2129,Uniform-Low,3,1,High,New
2129,Uniform-Low,3,1,Old,Old
2129,Uniform-Low,6,1,Medium,New
2129,Uniform-Low,3,1,Old,Old
2129,Uniform-Low,3,1,Medium,New
2129,Uniform-Low,9,1,Low,New
2129,Uniform-Low,9,1,Medium,New
2129,Uniform-Low,6,1,Medium,New
2129,Uniform-Low,6,1,Low,New
2129,Uniform-Low,9,1,Low,New
2129,Uniform-Low,9,1,Old,Old
2129,Uniform-Low,6,1,Prototype,Prototype
2129,Uniform-Low,9,1,Medium,New
2129,Uniform-Low,3,1,Prototype,Prototype
2180,Uniform-Low,3,1,Prototype,Prototype
2180,Uniform-Low,6,1,High,New
2180,Uniform-Low,3,1,Medium,New
2180,Uniform-Low,9,1,Low,New
2180,Uniform-Low,3,1,Old,Old
2180,Uniform-Low,9,1,Old,Old
2180,Uniform-Low,9,1,Medium,New
2180,Uniform-Low,6,1,Low,New
2180,Uniform-Low,6,1,Medium,New
2180,Uniform-Low,3,1,Old,Old
2180,Uniform-Low,6,1,Old,Old
2180,Uniform-Low,9,1,Medium,New
2180,Uniform-Low,6,1,Low,New
2180,Uniform-Low,9,1,High,New
2180,Uniform-Low,6,1,Prototype,Prototype
2180,Uniform-Low,9,1,Old,Old
2180,Uniform-Low,6,1,Old,Old
2180,Uniform-Low,3,1,High,New
2180,Uniform-Low,6,1,Old,Old
2180,Uniform-Low,9,1,Prototype,Prototype
2180,Uniform-Low,9,1,Low,New
2180,Uniform-Low,3,1,Old,Old
2180,Uniform-Low,3,1,Low,New
2180,Uniform-Low,6,1,High,New
2180,Uniform-Low,6,1,Medium,New
2180,Uniform-Low,6,1,Medium,New
2180,Uniform-Low,9,1,Medium,New
2180,Uniform-Low,3,1,Low,New
2180,Uniform-Low,9,1,High,New
2180,Uniform-Low,3,1,High,New
2180,Uniform-Low,3,1,Medium,New
2180,Uniform-Low,9,1,Low,New
2180,Uniform-Low,9,1,Old,Old
2180,Uniform-Low,3,1,High,New
2180,Uniform-Low,6,1,Low,New
2180,Uniform-Low,3,1,Low,New
2180,Uniform-Low,9,1,High,New
2180,Uniform-Low,3,1,Medium,New
2180,Uniform-Low,6,1,High,New
2231,Uniform-Low,3,1,Old,Old
2231,Uniform-Low,9,1,Old,Old
2231,Uniform-Low,6,1,Low,New
2231,Uniform-Low,6,1,High,New
2231,Uniform-Low,6,1,Old,Old
2231,Uniform-Low,9,1,Old,Old
2231,Uniform-Low,6,1,Medium,New
2231,Uniform-Low,9,1,High,New
2231,Uniform-Low,9,1,Low,New
2231,Uniform-Low,3,1,Prototype,Prototype
2231,Uniform-Low,3,1,Medium,New
2231,Uniform-Low,3,1,Low,New
2231,Uniform-Low,3,1,Old,Old
2231,Uniform-Low,3,1,High,New
2231,Uniform-Low,9,1,Medium,New
2231,Uniform-Low,3,1,High,New
2231,Uniform-Low,6,1,Old,Old
2231,Uniform-Low,6,1,Old,Old
2231,Uniform-Low,3,1,Low,New
2231,Uniform-Low,3,1,Old,Old
2231,Uniform-Low,9,1,Medium,New
2231,Uniform-Low,9,1,High,New
2231,Uniform-Low,9,1,Low,New
2231,Uniform-Low,6,1,Low,New
2231,Uniform-Low,9,1,High,New
2231,Uniform-Low,9,1,Prototype,Prototype
2231,Uniform-Low,6,1,Prototype,Prototype
2231,Uniform-Low,3,1,High,New
2231,Uniform-Low,6,1,High,New
2231,Uniform-Low,6,1,Low,New
2231,Uniform-Low,3,1,Medium,New
2231,Uniform-Low,6,1,High,New
2231,Uniform-Low,9,1,Old,Old
2231,Uniform-Low,6,1,Medium,New
2231,Uniform-Low,6,1,Medium,New
2231,Uniform-Low,9,1,Medium,New
2231,Uniform-Low,3,1,Low,New
2231,Uniform-Low,3,1,Medium,New
2231,Uniform-Low,9,1,Low,New
2282,Uniform-Low,9,1,High,New
2282,Uniform-Low,9,1,Low,New
2282,Uniform-Low,9,1,Low,New
2282,Uniform-Low,6,1,Low,New
2282,Uniform-Low,9,1,Low,New
2282,Uniform-Low,6,1,High,New
2282,Uniform-Low,3,1,High,New
2282,Uniform-Low,9,1,Prototype,Prototype
2282,Uniform-Low,3,1,High,New
2282,Uniform-Low,3,1,Old,Old
2282,Uniform-Low,6,1,Old,Old
2282,Uniform-Low,3,1,Prototype,Prototype
2282,Uniform-Low,6,1,Low,New
2282,Uniform-Low,9,1,Old,Old
2282,Uniform-Low,6,1,Old,Old
2282,Uniform-Low,3,1,Low,New
2282,Uniform-Low,3,1,Low,New
2282,Uniform-Low,6,1,Medium,New
2282,Uniform-Low,6,1,Medium,New
2282,Uniform-Low,3,1,Old,Old
2282,Uniform-Low,3,1,High,New
2282,Uniform-Low,6,1,Prototype,Prototype
2282,Uniform-Low,6,1,High,New
2282,Uniform-Low,3,1,Medium,New
2282,Uniform-Low,3,1,Medium,New
2282,Uniform-Low,3,1,Old,Old
2282,Uniform-Low,9,1,Medium,New
2282,Uniform-Low,9,1,Old,Old
2282,Uniform-Low,9,1,Old,Old
2282,Uniform-Low,6,1,Old,Old
2282,Uniform-Low,3,1,Low,New
2282,Uniform-Low,9,1,Medium,New
2282,Uniform-Low,6,1,Low,New
2282,Uniform-Low,9,1,Medium,New
2282,Uniform-Low,3,1,Medium,New
2282,Uniform-Low,6,1,High,New
2282,Uniform-Low,9,1,High,New
2282,Uniform-Low,6,1,Medium,New
2282,Uniform-Low,9,1,High,New
2333,Uniform-Low,3,1,Old,Old
2333,Uniform-Low,3,1,Low,New
2333,Uniform-Low,9,1,Old,Old
2333,Uniform-Low,6,1,Low,New
2333,Uniform-Low,3,1,Low,New
2333,Uniform-Low,9,1,Old,Old
2333,Uniform-Low,3,1,Medium,New
2333,Uniform-Low,9,1,Prototype,Prototype
2333,Uniform-Low,9,1,Low,New
2333,Uniform-Low,6,1,Old,Old
2333,Uniform-Low,3,1,Old,Old
2333,Uniform-Low,6,1,Old,Old
2333,Uniform-Low,9,1,Medium,New
2333,Uniform-Low,3,1,Prototype,Prototype
2333,Uniform-Low,9,1,Low,New
2333,Uniform-Low,6,1,Medium,New
2333,Uniform-Low,9,1,Medium,New
2333,Uniform-Low,9,1,High,New
2333,Uniform-Low,9,1,Old,Old
2333,Uniform-Low,3,1,Low,New
2333,Uniform-Low,9,1,Low,New
2333,Uniform-Low,6,1,Low,New
2333,Uniform-Low,6,1,Old,Old
2333,Uniform-Low,9,1,High,New
2333,Uniform-Low,6,1,Low,New
2333,Uniform-Low,6,1,High,New
2333,Uniform-Low,3,1,High,New
2333,Uniform-Low,3,1,Old,Old
2333,Uniform-Low,3,1,High,New
2333,Uniform-Low,6,1,High,New
2333,Uniform-Low,9,1,High,New
2333,Uniform-Low,3,1,High,New
2333,Uniform-Low,6,1,Medium,New
2333,Uniform-Low,3,1,Medium,New
2333,Uniform-Low,6,1,Prototype,Prototype
2333,Uniform-Low,6,1,High,New
2333,Uniform-Low,3,1,Medium,New
2333,Uniform-Low,9,1,Medium,New
2333,Uniform-Low,6,1,Medium,New
2384,Uniform-Low,9,1,Low,New
2384,Uniform-Low,3,1,Low,New
2384,Uniform-Low,9,1,Old,Old
2384,Uniform-Low,3,1,Low,New
2384,Uniform-Low,6,1,Medium,New
2384,Uniform-Low,6,1,Prototype,Prototype
2384,Uniform-Low,9,1,Prototype,Prototype
2384,Uniform-Low,3,1,Prototype,Prototype
2384,Uniform-Low,9,1,Medium,New
2384,Uniform-Low,6,1,Low,New
2384,Uniform-Low,6,1,Low,New
2384,Uniform-Low,6,1,High,New
2384,Uniform-Low,9,1,Low,New
2384,Uniform-Low,9,1,Medium,New
2384,Uniform-Low,3,1,Medium,New
2384,Uniform-Low,9,1,Old,Old
2384,Uniform-Low,3,1,Medium,New
2384,Uniform-Low,6,1,Medium,New
2384,Uniform-Low,6,1,High,New
2384,Uniform-Low,6,1,Old,Old
2384,Uniform-Low,3,1,High,New
2384,Uniform-Low,6,1,Low,New
2384,Uniform-Low,3,1,Old,Old
2384,Uniform-Low,6,1,Old,Old
2384,Uniform-Low,3,1,Low,New
2384,Uniform-Low,3,1,High,New
2384,Uniform-Low,6,1,Old,Old
2384,Uniform-Low,9,1,High,New
2384,Uniform-Low,6,1,Medium,New
2384,Uniform-Low,3,1,Old,Old
2384,Uniform-Low,3,1,Medium,New
2384,Uniform-Low,9,1,Medium,New
2384,Uniform-Low,9,1,Low,New
2384,Uniform-Low,9,1,High,New
2384,Uniform-Low,9,1,High,New
2384,Uniform-Low,3,1,High,New
2384,Uniform-Low,3,1,Old,Old
2384,Uniform-Low,6,1,High,New
2384,Uniform-Low,9,1,Old,Old
2435,Uniform-Low,9,1,High,New
2435,Uniform-Low,9,1,Old,Old
2435,Uniform-Low,3,1,High,New
2435,Uniform-Low,3,1,Low,New
2435,Uniform-Low,6,1,High,New
2435,Uniform-Low,9,1,High,New
2435,Uniform-Low,6,1,Prototype,Prototype
2435,Uniform-Low,6,1,Low,New
2435,Uniform-Low,3,1,Medium,New
2435,Uniform-Low,9,1,Low,New
2435,Uniform-Low,3,1,Old,Old
2435,Uniform-Low,3,1,Old,Old
2435,Uniform-Low,9,1,Low,New
2435,Uniform-Low,9,1,Medium,New
2435,Uniform-Low,3,1,High,New
2435,Uniform-Low,9,1,Prototype,Prototype
2435,Uniform-Low,9,1,Medium,New
2435,Uniform-Low,6,1,High,New
2435,Uniform-Low,9,1,Old,Old
2435,Uniform-Low,3,1,Medium,New
2435,Uniform-Low,6,1,Old,Old
2435,Uniform-Low,3,1,High,New
2435,Uniform-Low,9,1,High,New
2435,Uniform-Low,6,1,Medium,New
2435,Uniform-Low,6,1,Medium,New
2435,Uniform-Low,3,1,Old,Old
2435,Uniform-Low,6,1,Old,Old
2435,Uniform-Low,6,1,High,New
2435,Uniform-Low,6,1,Medium,New
2435,Uniform-Low,9,1,Medium,New
2435,Uniform-Low,6,1,Low,New
2435,Uniform-Low,9,1,Old,Old
2435,Uniform-Low,3,1,Low,New
2435,Uniform-Low,3,1,Prototype,Prototype
2435,Uniform-Low,3,1,Medium,New
2435,Uniform-Low,6,1,Old,Old
2435,Uniform-Low,6,1,Low,New
2435,Uniform-Low,3,1,Low,New
2435,Uniform-Low,9,1,Low,New
2486,Uniform-Low,3,1,Medium,New
2486,Uniform-Low,9,1,Medium,New
2486,Uniform-Low,9,1,High,New
2486,Uniform-Low,9,1,Low,New
2486,Uniform-Low,6,1,Low,New
2486,Uniform-Low,6,1,Low,New
2486,Uniform-Low,9,1,Old,Old
2486,Uniform-Low,9,1,Low,New
2486,Uniform-Low,3,1,Old,Old
2486,Uniform-Low,9,1,Old,Old
2486,Uniform-Low,9,1,Medium,New
2486,Uniform-Low,6,1,High,New
2486,Uniform-Low,6,1,Old,Old
2486,Uniform-Low,3,1,Prototype,Prototype
2486,Uniform-Low,3,1,Low,New
2486,Uniform-Low,6,1,Old,Old
2486,Uniform-Low,6,1,High,New
2486,Uniform-Low,3,1,Old,Old
2486,Uniform-Low,3,1,Old,Old
2486,Uniform-Low,6,1,Low,New
2486,Uniform-Low,9,1,Medium,New
2486,Uniform-Low,9,1,Old,Old
2486,Uniform-Low,3,1,Medium,New
2486,Uniform-Low,6,1,Prototype,Prototype
2486,Uniform-Low,6,1,Medium,New
2486,Uniform-Low,9,1,High,New
2486,Uniform-Low,3,1,High,New
2486,Uniform-Low,3,1,Low,New
2486,Uniform-Low,3,1,High,New
2486,Uniform-Low,6,1,Medium,New
2486,Uniform-Low,6,1,Old,Old
2486,Uniform-Low,3,1,High,New
2486,Uniform-Low,3,1,Medium,New
2486,Uniform-Low,6,1,Medium,New
2486,Uniform-Low,3,1,Low,New
2486,Uniform-Low,9,1,High,New
2486,Uniform-Low,9,1,Low,New
2486,Uniform-Low,6,1,High,New
2486,Uniform-Low,9,1,Prototype,Prototype
2537,Uniform-Low,6,1,Medium,New
2537,Uniform-Low,6,1,High,New
2537,Uniform-Low,9,1,Prototype,Prototype
2537,Uniform-Low,9,1,Medium,New
2537,Uniform-Low,3,1,Old,Old
2537,Uniform-Low,3,1,Medium,New
2537,Uniform-Low,6,1,Low,New
2537,Uniform-Low,3,1,High,New
2537,Uniform-Low,6,1,Medium,New
2537,Uniform-Low,3,1,Medium,New
2537,Uniform-Low,3,1,Low,New
2537,Uniform-Low,6,1,High,New
2537,Uniform-Low,6,1,Prototype,Prototype
2537,Uniform-Low,3,1,Prototype,Prototype
2537,Uniform-Low,9,1,Low,New
2537,Uniform-Low,9,1,Old,Old
2537,Uniform-Low,6,1,Old,Old
2537,Uniform-Low,6,1,Low,New
2537,Uniform-Low,6,1,Medium,New
2537,Uniform-Low,9,1,Low,New
2537,Uniform-Low,3,1,Low,New
2537,Uniform-Low,9,1,Old,Old
2537,Uniform-Low,3,1,High,New
2537,Uniform-Low,9,1,High,New
2537,Uniform-Low,3,1,Old,Old
2537,Uniform-Low,6,1,Old,Old
2537,Uniform-Low,9,1,Medium,New
2537,Uniform-Low,3,1,High,New
2537,Uniform-Low,6,1,Low,New
2537,Uniform-Low,6,1,High,New
2537,Uniform-Low,6,1,Old,Old
2537,Uniform-Low,3,1,Old,Old
2537,Uniform-Low,9,1,High,New
2537,Uniform-Low,9,1,Old,Old
2537,Uniform-Low,9,1,High,New
2537,Uniform-Low,3,1,Medium,New
2537,Uniform-Low,9,1,Medium,New
2537,Uniform-Low,3,1,Low,New
2537,Uniform-Low,9,1,Low,New
2588,Uniform-Low,9,1,Old,Old
2588,Uniform-Low,3,1,Old,Old
2588,Uniform-Low,3,1,Medium,New
2588,Uniform-Low,6,1,Medium,New
2588,Uniform-Low,9,1,Prototype,Prototype
2588,Uniform-Low,3,1,Medium,New
2588,Uniform-Low,6,1,Prototype,Prototype
2588,Uniform-Low,9,1,Medium,New
2588,Uniform-Low,9,1,Old,Old
2588,Uniform-Low,6,1,Low,New
2588,Uniform-Low,3,1,Low,New
2588,Uniform-Low,9,1,Old,Old
2588,Uniform-Low,6,1,High,New
2588,Uniform-Low,6,1,High,New
2588,Uniform-Low,3,1,High,New
2588,Uniform-Low,3,1,Prototype,Prototype
2588,Uniform-Low,9,1,Low,New
2588,Uniform-Low,6,1,Medium,New
2588,Uniform-Low,6,1,Old,Old
2588,Uniform-Low,3,1,Medium,New
2588,Uniform-Low,6,1,Medium,New
2588,Uniform-Low,9,1,High,New
2588,Uniform-Low,3,1,Old,Old
2588,Uniform-Low,6,1,Old,Old
2588,Uniform-Low,3,1,Low,New
2588,Uniform-Low,6,1,Low,New
2588,Uniform-Low,6,1,Old,Old
2588,Uniform-Low,3,1,Old,Old
2588,Uniform-Low,9,1,Low,New
2588,Uniform-Low,6,1,High,New
2588,Uniform-Low,9,1,Medium,New
2588,Uniform-Low,3,1,Low,New
2588,Uniform-Low,3,1,High,New
2588,Uniform-Low,6,1,Low,New
2588,Uniform-Low,9,1,Low,New
2588,Uniform-Low,3,1,High,New
2588,Uniform-Low,9,1,High,New
2588,Uniform-Low,9,1,High,New
2588,Uniform-Low,9,1,Medium,New
2639,Uniform-Low,6,1,High,New
2639,Uniform-Low,6,1,High,New
2639,Uniform-Low,6,1,Low,New
2639,Uniform-Low,3,1,Prototype,Prototype
2639,Uniform-Low,3,0,High,New
2639,Uniform-Low,9,1,Low,New
2639,Uniform-Low,3,0,Medium,New
2639,Uniform-Low,3,1,Medium,New
2639,Uniform-Low,6,1,Old,Old
2639,Uniform-Low,9,1,Old,Old
2639,Uniform-Low,6,1,Old,Old
2639,Uniform-Low,6,1,Prototype,Prototype
2639,Uniform-Low,9,1,Old,Old
2639,Uniform-Low,6,1,Medium,New
2639,Uniform-Low,3,1,Medium,New
2639,Uniform-Low,3,1,Old,Old
2639,Uniform-Low,3,1,Old,Old
2639,Uniform-Low,9,1,Low,New
2639,Uniform-Low,9,1,Low,New
2639,Uniform-Low,9,1,Medium,New
2639,Uniform-Low,6,1,Old,Old
2639,Uniform-Low,9,1,Medium,New
2639,Uniform-Low,9,1,High,New
2639,Uniform-Low,6,1,Medium,New
2639,Uniform-Low,3,1,Old,Old
2639,Uniform-Low,9,1,High,New
2639,Uniform-Low,6,1,Medium,New
2639,Uniform-Low,9,1,Medium,New
2639,Uniform-Low,9,1,Prototype,Prototype
2639,Uniform-Low,3,1,Low,New
2639,Uniform-Low,9,1,High,New
2639,Uniform-Low,9,1,Old,Old
2639,Uniform-Low,6,1,Low,New
2639,Uniform-Low,6,1,Low,New
2639,Uniform-Low,3,1,Low,New
2639,Uniform-Low,3,1,High,New
2639,Uniform-Low,6,1,High,New
2639,Uniform-Low,3,1,Low,New
2639,Uniform-Low,3,1,High,New
2690,Uniform-Low,3,1,High,New
2690,Uniform-Low,6,1,Low,New
2690,Uniform-Low,9,1,Medium,New
2690,Uniform-Low,3,1,Medium,New
2690,Uniform-Low,6,1,Low,New
2690,Uniform-Low,6,1,High,New
2690,Uniform-Low,6,1,Medium,New
2690,Uniform-Low,9,1,Medium,New
2690,Uniform-Low,6,1,Prototype,Prototype
2690,Uniform-Low,3,1,Prototype,Prototype
2690,Uniform-Low,9,1,High,New
2690,Uniform-Low,9,1,High,New
2690,Uniform-Low,3,1,Old,Old
2690,Uniform-Low,3,1,High,New
2690,Uniform-Low,3,1,Old,Old
2690,Uniform-Low,9,1,Prototype,Prototype
2690,Uniform-Low,3,1,Low,New
2690,Uniform-Low,9,1,Old,Old
2690,Uniform-Low,3,1,Medium,New
2690,Uniform-Low,6,1,Low,New
2690,Uniform-Low,9,1,Medium,New
2690,Uniform-Low,9,1,Low,New
2690,Uniform-Low,3,1,Low,New
2690,Uniform-Low,6,1,Medium,New
2690,Uniform-Low,3,1,Old,Old
2690,Uniform-Low,6,1,Old,Old
2690,Uniform-Low,9,1,High,New
2690,Uniform-Low,3,1,Low,New
2690,Uniform-Low,3,1,High,New
2690,Uniform-Low,9,1,Old,Old
2690,Uniform-Low,6,1,High,New
2690,Uniform-Low,6,1,Medium,New
2690,Uniform-Low,9,1,Low,New
2690,Uniform-Low,3,1,Medium,New
2690,Uniform-Low,6,1,Old,Old
2690,Uniform-Low,6,1,High,New
2690,Uniform-Low,9,1,Low,New
2690,Uniform-Low,9,1,Old,Old
2690,Uniform-Low,6,1,Old,Old
2741,Uniform-Low,3,1,Medium,New
2741,Uniform-Low,3,1,High,New
2741,Uniform-Low,6,1,Low,New
2741,Uniform-Low,9,1,High,New
2741,Uniform-Low,9,1,Old,Old
2741,Uniform-Low,6,1,High,New
2741,Uniform-Low,6,1,Prototype,Prototype
2741,Uniform-Low,9,1,Old,Old
2741,Uniform-Low,6,1,Medium,New
2741,Uniform-Low,3,1,Prototype,Prototype
2741,Uniform-Low,6,1,High,New
2741,Uniform-Low,6,1,Low,New
2741,Uniform-Low,6,1,Old,Old
2741,Uniform-Low,3,1,Old,Old
2741,Uniform-Low,3,1,Low,New
2741,Uniform-Low,3,1,Medium,New
2741,Uniform-Low,3,1,High,New
2741,Uniform-Low,6,1,Old,Old
2741,Uniform-Low,9,1,Medium,New
2741,Uniform-Low,3,1,Old,Old
2741,Uniform-Low,9,1,Low,New
2741,Uniform-Low,3,1,Low,New
2741,Uniform-Low,6,1,Low,New
2741,Uniform-Low,9,1,Medium,New
2741,Uniform-Low,9,1,High,New
2741,Uniform-Low,3,1,Low,New
2741,Uniform-Low,9,1,Low,New
2741,Uniform-Low,6,1,Old,Old
2741,Uniform-Low,6,1,Medium,New
2741,Uniform-Low,9,1,Old,Old
2741,Uniform-Low,9,1,Medium,New
2741,Uniform-Low,3,1,Old,Old
2741,Uniform-Low,3,1,High,New
2741,Uniform-Low,9,1,Prototype,Prototype
2741,Uniform-Low,6,1,Medium,New
2741,Uniform-Low,9,1,Low,New
2741,Uniform-Low,9,1,High,New
2741,Uniform-Low,3,1,Medium,New
2741,Uniform-Low,6,1,High,New
2792,Uniform-Low,3,1,Medium,New
2792,Uniform-Low,9,1,High,New
2792,Uniform-Low,9,1,Medium,New
2792,Uniform-Low,3,1,Medium,New
2792,Uniform-Low,6,1,High,New
2792,Uniform-Low,6,1,Low,New
2792,Uniform-Low,6,1,Medium,New
2792,Uniform-Low,3,1,Old,Old
2792,Uniform-Low,3,1,Low,New
2792,Uniform-Low,9,1,Old,Old
2792,Uniform-Low,9,1,Low,New
2792,Uniform-Low,3,1,Low,New
2792,Uniform-Low,3,1,Old,Old
2792,Uniform-Low,3,1,Old,Old
2792,Uniform-Low,6,1,Medium,New
2792,Uniform-Low,9,1,Old,Old
2792,Uniform-Low,6,1,Old,Old
2792,Uniform-Low,3,1,High,New
2792,Uniform-Low,9,1,Old,Old
2792,Uniform-Low,6,1,Medium,New
2792,Uniform-Low,9,1,High,New
2792,Uniform-Low,6,1,Prototype,Prototype
2792,Uniform-Low,3,1,Low,New
2792,Uniform-Low,9,1,Medium,New
2792,Uniform-Low,9,1,Low,New
2792,Uniform-Low,9,1,Medium,New
2792,Uniform-Low,3,1,High,New
2792,Uniform-Low,3,1,Medium,New
2792,Uniform-Low,6,1,Low,New
2792,Uniform-Low,3,1,High,New
2792,Uniform-Low,9,1,Low,New
2792,Uniform-Low,9,1,High,New
2792,Uniform-Low,6,1,High,New
2792,Uniform-Low,6,1,High,New
2792,Uniform-Low,6,1,Old,Old
2792,Uniform-Low,9,1,Prototype,Prototype
2792,Uniform-Low,6,1,Old,Old
2792,Uniform-Low,3,1,Prototype,Prototype
2792,Uniform-Low,6,1,Low,New
2843,Uniform-Low,3,1,High,New
2843,Uniform-Low,3,1,Medium,New
2843,Uniform-Low,3,1,Old,Old
2843,Uniform-Low,3,1,Low,New
2843,Uniform-Low,3,1,Low,New
2843,Uniform-Low,6,1,Low,New
2843,Uniform-Low,6,1,Old,Old
2843,Uniform-Low,6,1,Low,New
2843,Uniform-Low,6,1,Low,New
2843,Uniform-Low,9,1,Old,Old
2843,Uniform-Low,6,1,High,New
2843,Uniform-Low,3,1,Old,Old
2843,Uniform-Low,9,1,Low,New
2843,Uniform-Low,9,1,Old,Old
2843,Uniform-Low,6,1,High,New
2843,Uniform-Low,6,1,High,New
2843,Uniform-Low,9,1,High,New
2843,Uniform-Low,6,1,Old,Old
2843,Uniform-Low,3,1,High,New
2843,Uniform-Low,3,1,Prototype,Prototype
2843,Uniform-Low,6,1,Medium,New
2843,Uniform-Low,9,1,Low,New
2843,Uniform-Low,3,1,Medium,New
2843,Uniform-Low,9,1,High,New
2843,Uniform-Low,3,1,High,New
2843,Uniform-Low,9,1,Medium,New
2843,Uniform-Low,9,1,Low,New
2843,Uniform-Low,3,1,Medium,New
2843,Uniform-Low,3,1,Low,New
2843,Uniform-Low,9,1,High,New
2843,Uniform-Low,9,1,Medium,New
2843,Uniform-Low,6,1,Old,Old
2843,Uniform-Low,9,1,Medium,New
2843,Uniform-Low,9,1,Old,Old
2843,Uniform-Low,3,1,Old,Old
2843,Uniform-Low,9,1,Prototype,Prototype
2843,Uniform-Low,6,1,Prototype,Prototype
2843,Uniform-Low,6,1,Medium,New
2843,Uniform-Low,6,1,Medium,New
2894,Uniform-Low,9,1,Medium,New
2894,Uniform-Low,3,1,Medium,New
2894,Uniform-Low,6,1,High,New
2894,Uniform-Low,9,1,Medium,New
2894,Uniform-Low,3,1,Old,Old
2894,Uniform-Low,9,1,Old,Old
2894,Uniform-Low,9,1,Low,New
2894,Uniform-Low,9,1,Old,Old
2894,Uniform-Low,3,1,High,New
2894,Uniform-Low,3,1,Low,New
2894,Uniform-Low,6,1,Medium,New
2894,Uniform-Low,6,1,Old,Old
2894,Uniform-Low,3,1,Medium,New
2894,Uniform-Low,6,1,Low,New
2894,Uniform-Low,9,1,High,New
2894,Uniform-Low,3,1,Medium,New
2894,Uniform-Low,3,1,Low,New
2894,Uniform-Low,9,1,Low,New
2894,Uniform-Low,3,1,Low,New
2894,Uniform-Low,3,1,High,New
2894,Uniform-Low,6,1,High,New
2894,Uniform-Low,9,1,High,New
2894,Uniform-Low,3,1,High,New
2894,Uniform-Low,3,1,Prototype,Prototype
2894,Uniform-Low,6,1,Low,New
2894,Uniform-Low,6,1,High,New
2894,Uniform-Low,3,1,Old,Old
2894,Uniform-Low,9,1,Medium,New
2894,Uniform-Low,9,1,Low,New
2894,Uniform-Low,6,1,Medium,New
2894,Uniform-Low,6,1,Old,Old
2894,Uniform-Low,6,1,Medium,New
2894,Uniform-Low,9,1,Prototype,Prototype
2894,Uniform-Low,9,1,High,New
2894,Uniform-Low,6,1,Low,New
2894,Uniform-Low,6,1,Old,Old
2894,Uniform-Low,6,1,Prototype,Prototype
2894,Uniform-Low,9,1,Old,Old
2894,Uniform-Low,3,1,Old,Old
2945,Uniform-Low,3,1,Prototype,Prototype
2945,Uniform-Low,6,1,Low,New
2945,Uniform-Low,3,1,High,New
2945,Uniform-Low,6,1,Medium,New
2945,Uniform-Low,6,1,Old,Old
2945,Uniform-Low,3,1,Medium,New
2945,Uniform-Low,6,1,High,New
2945,Uniform-Low,6,1,High,New
2945,Uniform-Low,6,1,Prototype,Prototype
2945,Uniform-Low,9,1,Prototype,Prototype
2945,Uniform-Low,9,1,Old,Old
2945,Uniform-Low,3,1,Old,Old
2945,Uniform-Low,9,1,Medium,New
2945,Uniform-Low,6,1,Low,New
2945,Uniform-Low,6,1,Old,Old
2945,Uniform-Low,9,1,High,New
2945,Uniform-Low,6,1,High,New
2945,Uniform-Low,3,1,Low,New
2945,Uniform-Low,9,1,Low,New
2945,Uniform-Low,9,1,Old,Old
2945,Uniform-Low,3,1,Low,New
2945,Uniform-Low,3,1,Old,Old
2945,Uniform-Low,6,1,Old,Old
2945,Uniform-Low,9,1,High,New
2945,Uniform-Low,3,1,Old,Old
2945,Uniform-Low,9,1,Old,Old
2945,Uniform-Low,6,1,Medium,New
2945,Uniform-Low,6,1,Medium,New
2945,Uniform-Low,9,1,High,New
2945,Uniform-Low,3,1,High,New
2945,Uniform-Low,9,1,Low,New
2945,Uniform-Low,3,1,High,New
2945,Uniform-Low,3,1,Medium,New
2945,Uniform-Low,9,1,Medium,New
2945,Uniform-Low,9,1,Medium,New
2945,Uniform-Low,9,1,Low,New
2945,Uniform-Low,3,1,Medium,New
2945,Uniform-Low,3,1,Low,New
2945,Uniform-Low,6,1,Low,New
2996,Uniform-Low,9,1,Medium,New
2996,Uniform-Low,6,1,Medium,New
2996,Uniform-Low,3,1,Medium,New
2996,Uniform-Low,9,1,High,New
2996,Uniform-Low,6,1,High,New
2996,Uniform-Low,9,1,Old,Old
2996,Uniform-Low,9,1,Old,Old
2996,Uniform-Low,3,1,Medium,New
2996,Uniform-Low,3,1,High,New
2996,Uniform-Low,3,1,High,New
2996,Uniform-Low,9,1,Old,Old
2996,Uniform-Low,6,1,Old,Old
2996,Uniform-Low,3,1,High,New
2996,Uniform-Low,9,1,Low,New
2996,Uniform-Low,6,1,Old,Old
2996,Uniform-Low,6,1,Prototype,Prototype
2996,Uniform-Low,3,1,Prototype,Prototype
2996,Uniform-Low,3,1,Low,New
2996,Uniform-Low,6,1,Low,New
2996,Uniform-Low,9,1,High,New
2996,Uniform-Low,3,1,Old,Old
2996,Uniform-Low,6,1,Low,New
2996,Uniform-Low,9,1,Low,New
2996,Uniform-Low,3,1,Old,Old
2996,Uniform-Low,6,1,Old,Old
2996,Uniform-Low,6,1,High,New
2996,Uniform-Low,3,1,Low,New
2996,Uniform-Low,6,1,Low,New
2996,Uniform-Low,6,1,High,New
2996,Uniform-Low,3,1,Old,Old
2996,Uniform-Low,6,1,Medium,New
2996,Uniform-Low,6,1,Medium,New
2996,Uniform-Low,3,1,Medium,New
2996,Uniform-Low,9,1,High,New
2996,Uniform-Low,9,1,Low,New
2996,Uniform-Low,9,1,Medium,New
2996,Uniform-Low,9,1,Prototype,Prototype
2996,Uniform-Low,9,1,Medium,New
2996,Uniform-Low,3,1,Low,New
3047,Uniform-Low,9,1,Medium,New
3047,Uniform-Low,9,1,Low,New
3047,Uniform-Low,6,1,Medium,New
3047,Uniform-Low,6,1,Low,New
3047,Uniform-Low,6,1,Low,New
3047,Uniform-Low,6,1,High,New
3047,Uniform-Low,3,1,Old,Old
3047,Uniform-Low,9,1,High,New
3047,Uniform-Low,6,1,Old,Old
3047,Uniform-Low,9,1,Old,Old
3047,Uniform-Low,9,1,Low,New
3047,Uniform-Low,3,1,Low,New
3047,Uniform-Low,6,1,High,New
3047,Uniform-Low,3,1,Old,Old
3047,Uniform-Low,3,1,Prototype,Prototype
3047,Uniform-Low,3,1,Medium,New
3047,Uniform-Low,6,1,High,New
3047,Uniform-Low,6,1,Prototype,Prototype
3047,Uniform-Low,9,1,High,New
3047,Uniform-Low,9,1,Old,Old
3047,Uniform-Low,3,1,High,New
3047,Uniform-Low,3,1,Low,New
3047,Uniform-Low,6,1,Old,Old
3047,Uniform-Low,3,1,High,New
3047,Uniform-Low,9,1,Medium,New
3047,Uniform-Low,6,1,Medium,New
3047,Uniform-Low,9,1,Medium,New
3047,Uniform-Low,9,1,Low,New
3047,Uniform-Low,3,1,Medium,New
3047,Uniform-Low,9,1,Old,Old
3047,Uniform-Low,9,1,High,New
3047,Uniform-Low,3,1,Low,New
3047,Uniform-Low,6,1,Old,Old
3047,Uniform-Low,6,1,Low,New
3047,Uniform-Low,3,1,High,New
3047,Uniform-Low,9,1,Prototype,Prototype
3047,Uniform-Low,6,1,Medium,New
3047,Uniform-Low,3,1,Medium,New
3047,Uniform-Low,3,1,Old,Old
3098,Uniform-Low,9,1,Low,New
3098,Uniform-Low,6,1,Old,Old
3098,Uniform-Low,9,1,Prototype,Prototype
3098,Uniform-Low,6,1,High,New
3098,Uniform-Low,3,1,Prototype,Prototype
3098,Uniform-Low,9,1,Medium,New
3098,Uniform-Low,6,1,Low,New
3098,Uniform-Low,3,1,Low,New
3098,Uniform-Low,3,1,Medium,New
3098,Uniform-Low,3,1,Old,Old
3098,Uniform-Low,6,1,Medium,New
3098,Uniform-Low,3,1,High,New
3098,Uniform-Low,6,1,Old,Old
3098,Uniform-Low,3,1,Old,Old
3098,Uniform-Low,3,1,Medium,New
3098,Uniform-Low,6,1,Medium,New
3098,Uniform-Low,3,1,High,New
3098,Uniform-Low,9,1,Low,New
3098,Uniform-Low,9,1,Old,Old
3098,Uniform-Low,3,1,Low,New
3098,Uniform-Low,9,1,High,New
3098,Uniform-Low,9,1,Old,Old
3098,Uniform-Low,6,1,Low,New
3098,Uniform-Low,9,1,High,New
3098,Uniform-Low,9,1,Low,New
3098,Uniform-Low,3,1,Low,New
3098,Uniform-Low,6,1,Old,Old
3098,Uniform-Low,3,1,Old,Old
3098,Uniform-Low,9,1,Medium,New
3098,Uniform-Low,3,1,High,New
3098,Uniform-Low,6,1,Medium,New
3098,Uniform-Low,9,1,Medium,New
3098,Uniform-Low,9,1,Old,Old
3098,Uniform-Low,3,1,Medium,New
3098,Uniform-Low,9,1,High,New
3098,Uniform-Low,6,1,Low,New
3098,Uniform-Low,6,1,High,New
3098,Uniform-Low,6,1,Prototype,Prototype
3098,Uniform-Low,6,1,High,New
3149,Uniform-Low,9,1,Old,Old
3149,Uniform-Low,3,1,Low,New
3149,Uniform-Low,9,1,Medium,New
3149,Uniform-Low,9,1,Low,New
3149,Uniform-Low,3,1,Medium,New
3149,Uniform-Low,6,1,High,New
3149,Uniform-Low,3,1,Low,New
3149,Uniform-Low,9,1,Old,Old
3149,Uniform-Low,6,1,Old,Old
3149,Uniform-Low,6,1,Prototype,Prototype
3149,Uniform-Low,3,1,Prototype,Prototype
3149,Uniform-Low,6,1,Low,New
3149,Uniform-Low,6,1,High,New
3149,Uniform-Low,3,1,Low,New
3149,Uniform-Low,3,1,High,New
3149,Uniform-Low,3,1,Medium,New
3149,Uniform-Low,3,1,Medium,New
3149,Uniform-Low,6,1,Low,New
3149,Uniform-Low,6,1,Low,New
3149,Uniform-Low,9,1,Low,New
3149,Uniform-Low,6,1,Old,Old
3149,Uniform-Low,3,1,Old,Old
3149,Uniform-Low,9,1,Medium,New
3149,Uniform-Low,3,1,Old,Old
3149,Uniform-Low,6,1,Medium,New
3149,Uniform-Low,9,1,Old,Old
3149,Uniform-Low,9,1,High,New
3149,Uniform-Low,9,1,Prototype,Prototype
3149,Uniform-Low,9,1,Medium,New
3149,Uniform-Low,9,1,High,New
3149,Uniform-Low,6,1,Medium,New
3149,Uniform-Low,9,1,Low,New
3149,Uniform-Low,6,1,Medium,New
3149,Uniform-Low,6,1,High,New
3149,Uniform-Low,3,1,High,New
3149,Uniform-Low,6,1,Old,Old
3149,Uniform-Low,3,1,Old,Old
3149,Uniform-Low,3,1,High,New
3149,Uniform-Low,9,1,High,New
3200,Uniform-Low,6,1,High,New
3200,Uniform-Low,6,1,Low,New
3200,Uniform-Low,3,1,High,New
3200,Uniform-Low,3,1,Medium,New
3200,Uniform-Low,9,1,Medium,New
3200,Uniform-Low,6,1,Low,New
3200,Uniform-Low,9,1,Prototype,Prototype
3200,Uniform-Low,9,1,Old,Old
3200,Uniform-Low,3,1,Medium,New
3200,Uniform-Low,3,1,Old,Old
3200,Uniform-Low,3,1,Old,Old
3200,Uniform-Low,6,1,Prototype,Prototype
3200,Uniform-Low,9,1,Medium,New
3200,Uniform-Low,9,1,Low,New
3200,Uniform-Low,6,1,Medium,New
3200,Uniform-Low,3,1,Low,New
3200,Uniform-Low,9,1,Old,Old
3200,Uniform-Low,6,1,High,New
3200,Uniform-Low,6,1,Low,New
3200,Uniform-Low,3,1,High,New
3200,Uniform-Low,9,1,Low,New
3200,Uniform-Low,6,1,High,New
3200,Uniform-Low,9,1,Old,Old
3200,Uniform-Low,9,1,High,New
3200,Uniform-Low,3,1,Low,New
3200,Uniform-Low,6,1,Medium,New
3200,Uniform-Low,3,1,Medium,New
3200,Uniform-Low,9,1,Low,New
3200,Uniform-Low,3,1,Low,New
3200,Uniform-Low,6,1,Old,Old
3200,Uniform-Low,6,1,Old,Old
3200,Uniform-Low,6,1,Old,Old
3200,Uniform-Low,3,1,High,New
3200,Uniform-Low,9,1,High,New
3200,Uniform-Low,3,1,Prototype,Prototype
3200,Uniform-Low,6,1,Medium,New
3200,Uniform-Low,3,1,Old,Old
3200,Uniform-Low,9,1,Medium,New
3200,Uniform-Low,9,1,High,New
3251,Uniform-Low,9,1,High,New
3251,Uniform-Low,9,1,Low,New
3251,Uniform-Low,3,1,Old,Old
3251,Uniform-Low,3,1,High,New
3251,Uniform-Low,6,1,Old,Old
3251,Uniform-Low,6,1,Prototype,Prototype
3251,Uniform-Low,9,1,Old,Old
3251,Uniform-Low,6,1,Low,New
3251,Uniform-Low,9,1,Low,New
3251,Uniform-Low,6,1,High,New
3251,Uniform-Low,3,1,Low,New
3251,Uniform-Low,6,1,High,New
3251,Uniform-Low,9,1,Medium,New
3251,Uniform-Low,6,1,Old,Old
3251,Uniform-Low,9,1,Old,Old
3251,Uniform-Low,3,1,High,New
3251,Uniform-Low,9,1,Medium,New
3251,Uniform-Low,9,1,Medium,New
3251,Uniform-Low,6,1,Low,New
3251,Uniform-Low,6,1,Low,New
3251,Uniform-Low,6,1,Medium,New
3251,Uniform-Low,3,1,Medium,New
3251,Uniform-Low,6,1,Medium,New
3251,Uniform-Low,3,1,Prototype,Prototype
3251,Uniform-Low,9,1,Old,Old
3251,Uniform-Low,9,1,High,New
3251,Uniform-Low,6,1,High,New
3251,Uniform-Low,3,1,Low,New
3251,Uniform-Low,6,1,Medium,New
3251,Uniform-Low,3,1,High,New
3251,Uniform-Low,3,1,Medium,New
3251,Uniform-Low,6,1,Old,Old
3251,Uniform-Low,3,1,Medium,New
3251,Uniform-Low,3,1,Low,New
3251,Uniform-Low,9,1,Low,New
3251,Uniform-Low,3,1,Old,Old
3251,Uniform-Low,9,1,Prototype,Prototype
3251,Uniform-Low,3,1,Old,Old
3251,Uniform-Low,9,1,High,New
3302,Uniform-Low,6,1,Low,New
3302,Uniform-Low,3,1,Prototype,Prototype
3302,Uniform-Low,9,1,Low,New
3302,Uniform-Low,3,1,High,New
3302,Uniform-Low,6,1,Low,New
3302,Uniform-Low,3,1,Old,Old
3302,Uniform-Low,6,1,High,New
3302,Uniform-Low,3,1,Medium,New
3302,Uniform-Low,3,1,Medium,New
3302,Uniform-Low,9,1,Low,New
3302,Uniform-Low,6,1,Old,Old
3302,Uniform-Low,6,1,Prototype,Prototype
3302,Uniform-Low,3,1,Old,Old
3302,Uniform-Low,9,1,Prototype,Prototype
3302,Uniform-Low,3,1,Low,New
3302,Uniform-Low,9,1,High,New
3302,Uniform-Low,6,1,Old,Old
3302,Uniform-Low,9,1,High,New
3302,Uniform-Low,6,1,Low,New
3302,Uniform-Low,9,1,Medium,New
3302,Uniform-Low,9,1,Old,Old
3302,Uniform-Low,3,1,Low,New
3302,Uniform-Low,9,1,High,New
3302,Uniform-Low,6,1,Medium,New
3302,Uniform-Low,9,1,Low,New
3302,Uniform-Low,9,1,Medium,New
3302,Uniform-Low,3,1,Low,New
3302,Uniform-Low,3,1,High,New
3302,Uniform-Low,9,1,Medium,New
3302,Uniform-Low,6,1,Old,Old
3302,Uniform-Low,3,1,High,New
3302,Uniform-Low,3,1,Medium,New
3302,Uniform-Low,6,1,Medium,New
3302,Uniform-Low,6,1,High,New
3302,Uniform-Low,9,1,Old,Old
3302,Uniform-Low,3,1,Old,Old
3302,Uniform-Low,6,1,High,New
3302,Uniform-Low,9,1,Old,Old
3302,Uniform-Low,6,1,Medium,New
3353,Uniform-Low,6,1,Old,Old
3353,Uniform-Low,6,1,Old,Old
3353,Uniform-Low,6,1,Old,Old
3353,Uniform-Low,3,1,High,New
3353,Uniform-Low,6,1,High,New
3353,Uniform-Low,9,1,High,New
3353,Uniform-Low,6,1,Prototype,Prototype
3353,Uniform-Low,6,1,Low,New
3353,Uniform-Low,3,1,Medium,New
3353,Uniform-Low,9,1,Medium,New
3353,Uniform-Low,6,1,Medium,New
3353,Uniform-Low,3,1,High,New
3353,Uniform-Low,9,1,Medium,New
3353,Uniform-Low,9,1,Low,New
3353,Uniform-Low,6,1,Low,New
3353,Uniform-Low,3,1,Old,Old
3353,Uniform-Low,6,1,Medium,New
3353,Uniform-Low,3,1,Old,Old
3353,Uniform-Low,3,1,Prototype,Prototype
3353,Uniform-Low,3,1,Medium,New
3353,Uniform-Low,9,1,Low,New
3353,Uniform-Low,3,1,Low,New
3353,Uniform-Low,3,1,Old,Old
3353,Uniform-Low,9,1,High,New
3353,Uniform-Low,9,1,Old,Old
3353,Uniform-Low,3,1,Low,New
3353,Uniform-Low,6,1,High,New
3353,Uniform-Low,6,1,Medium,New
3353,Uniform-Low,9,1,Prototype,Prototype
3353,Uniform-Low,3,1,Low,New
3353,Uniform-Low,6,1,High,New
3353,Uniform-Low,9,1,Old,Old
3353,Uniform-Low,9,1,Old,Old
3353,Uniform-Low,6,1,Low,New
3353,Uniform-Low,9,1,High,New
3353,Uniform-Low,3,1,High,New
3353,Uniform-Low,9,1,Medium,New
3353,Uniform-Low,9,1,Low,New
3353,Uniform-Low,3,1,Medium,New
3404,Uniform-Low,6,1,Medium,New
3404,Uniform-Low,9,1,Old,Old
3404,Uniform-Low,3,1,Old,Old
3404,Uniform-Low,3,0,High,New
3404,Uniform-Low,3,1,Medium,New
3404,Uniform-Low,3,1,Old,Old
3404,Uniform-Low,6,1,Old,Old
3404,Uniform-Low,6,1,Low,New
3404,Uniform-Low,3,1,High,New
3404,Uniform-Low,9,1,High,New
3404,Uniform-Low,3,1,High,New
3404,Uniform-Low,6,1,Low,New
3404,Uniform-Low,6,1,High,New
3404,Uniform-Low,6,1,Prototype,Prototype
3404,Uniform-Low,3,1,Old,Old
3404,Uniform-Low,6,1,Medium,New
3404,Uniform-Low,9,1,Low,New
3404,Uniform-Low,9,1,Old,Old
3404,Uniform-Low,3,1,Low,New
3404,Uniform-Low,3,1,Medium,New
3404,Uniform-Low,9,1,Medium,New
3404,Uniform-Low,3,1,Low,New
3404,Uniform-Low,9,1,Old,Old
3404,Uniform-Low,6,1,High,New
3404,Uniform-Low,9,1,High,New
3404,Uniform-Low,6,1,High,New
3404,Uniform-Low,6,1,Old,Old
3404,Uniform-Low,3,1,Low,New
3404,Uniform-Low,3,1,Prototype,Prototype
3404,Uniform-Low,9,1,Medium,New
3404,Uniform-Low,9,1,Prototype,Prototype
3404,Uniform-Low,9,1,High,New
3404,Uniform-Low,6,1,Medium,New
3404,Uniform-Low,9,1,Low,New
3404,Uniform-Low,6,1,Old,Old
3404,Uniform-Low,9,1,Low,New
3404,Uniform-Low,6,1,Low,New
3404,Uniform-Low,3,1,Medium,New
3404,Uniform-Low,9,1,Medium,New
3455,Uniform-Low,3,1,High,New
3455,Uniform-Low,6,1,Low,New
3455,Uniform-Low,6,1,Medium,New
3455,Uniform-Low,9,1,Old,Old
3455,Uniform-Low,3,1,Medium,New
3455,Uniform-Low,6,1,Medium,New
3455,Uniform-Low,6,1,High,New
3455,Uniform-Low,3,1,Medium,New
3455,Uniform-Low,3,1,Old,Old
3455,Uniform-Low,9,1,Medium,New
3455,Uniform-Low,6,1,High,New
3455,Uniform-Low,9,1,Medium,New
3455,Uniform-Low,9,1,Low,New
3455,Uniform-Low,6,1,Old,Old
3455,Uniform-Low,3,1,Old,Old
3455,Uniform-Low,3,1,Old,Old
3455,Uniform-Low,9,1,Low,New
3455,Uniform-Low,3,1,High,New
3455,Uniform-Low,6,1,Low,New
3455,Uniform-Low,6,1,Low,New
3455,Uniform-Low,3,1,Low,New
3455,Uniform-Low,9,1,Low,New
3455,Uniform-Low,9,1,Medium,New
3455,Uniform-Low,3,1,Low,New
3455,Uniform-Low,3,1,Prototype,Prototype
3455,Uniform-Low,9,1,Prototype,Prototype
3455,Uniform-Low,6,1,Medium,New
3455,Uniform-Low,3,1,High,New
3455,Uniform-Low,9,1,Old,Old
3455,Uniform-Low,9,1,High,New
3455,Uniform-Low,9,1,Old,Old
3455,Uniform-Low,9,1,High,New
3455,Uniform-Low,9,1,High,New
3455,Uniform-Low,6,1,Old,Old
3455,Uniform-Low,6,1,Prototype,Prototype
3455,Uniform-Low,6,1,Old,Old
3455,Uniform-Low,6,1,High,New
3455,Uniform-Low,3,1,Medium,New
3455,Uniform-Low,3,1,Low,New
3506,Uniform-Low,6,1,Old,Old
3506,Uniform-Low,3,1,High,New
3506,Uniform-Low,9,1,Old,Old
3506,Uniform-Low,6,1,Low,New
3506,Uniform-Low,9,1,Low,New
3506,Uniform-Low,3,1,Old,Old
3506,Uniform-Low,6,1,Low,New
3506,Uniform-Low,6,1,Medium,New
3506,Uniform-Low,6,1,Prototype,Prototype
3506,Uniform-Low,9,1,Medium,New
3506,Uniform-Low,3,1,Medium,New
3506,Uniform-Low,6,1,Old,Old
3506,Uniform-Low,9,1,High,New
3506,Uniform-Low,9,1,Old,Old
3506,Uniform-Low,3,1,Medium,New
3506,Uniform-Low,3,1,High,New
3506,Uniform-Low,9,1,Prototype,Prototype
3506,Uniform-Low,3,1,Old,Old
3506,Uniform-Low,9,1,Low,New
3506,Uniform-Low,6,1,Medium,New
3506,Uniform-Low,9,1,Medium,New
3506,Uniform-Low,6,1,Old,Old
3506,Uniform-Low,6,1,High,New
3506,Uniform-Low,9,1,High,New
3506,Uniform-Low,9,1,Medium,New
3506,Uniform-Low,9,1,High,New
3506,Uniform-Low,3,1,Low,New
3506,Uniform-Low,9,1,Low,New
3506,Uniform-Low,9,1,Old,Old
3506,Uniform-Low,6,1,Low,New
3506,Uniform-Low,6,1,High,New
3506,Uniform-Low,3,1,Medium,New
3506,Uniform-Low,3,1,Low,New
3506,Uniform-Low,6,1,High,New
3506,Uniform-Low,3,1,Old,Old
3506,Uniform-Low,3,1,Prototype,Prototype
3506,Uniform-Low,3,1,High,New
3506,Uniform-Low,3,1,Low,New
3506,Uniform-Low,6,1,Medium,New
3557,Uniform-Low,3,1,Low,New
3557,Uniform-Low,9,1,Medium,New
3557,Uniform-Low,6,1,Low,New
3557,Uniform-Low,9,1,Low,New
3557,Uniform-Low,9,1,Medium,New
3557,Uniform-Low,9,1,Low,New
3557,Uniform-Low,6,1,Old,Old
3557,Uniform-Low,6,1,Medium,New
3557,Uniform-Low,9,1,Low,New
3557,Uniform-Low,3,1,Old,Old
3557,Uniform-Low,3,1,Low,New
3557,Uniform-Low,3,1,Low,New
3557,Uniform-Low,6,1,Medium,New
3557,Uniform-Low,6,1,Prototype,Prototype
3557,Uniform-Low,3,1,High,New
3557,Uniform-Low,9,1,High,New
3557,Uniform-Low,9,1,High,New
3557,Uniform-Low,3,1,Medium,New
3557,Uniform-Low,3,1,High,New
3557,Uniform-Low,6,1,Old,Old
3557,Uniform-Low,6,1,High,New
3557,Uniform-Low,9,1,Prototype,Prototype
3557,Uniform-Low,3,1,Old,Old
3557,Uniform-Low,3,1,Medium,New
3557,Uniform-Low,6,1,Low,New
3557,Uniform-Low,3,1,Old,Old
3557,Uniform-Low,6,1,High,New
3557,Uniform-Low,6,1,Medium,New
3557,Uniform-Low,9,1,Old,Old
3557,Uniform-Low,3,1,Medium,New
3557,Uniform-Low,6,1,High,New
3557,Uniform-Low,3,1,High,New
3557,Uniform-Low,6,1,Low,New
3557,Uniform-Low,9,1,Old,Old
3557,Uniform-Low,9,1,Medium,New
3557,Uniform-Low,9,1,Old,Old
3557,Uniform-Low,3,1,Prototype,Prototype
3557,Uniform-Low,9,1,High,New
3557,Uniform-Low,6,1,Old,Old
3608,Uniform-Low,9,1,Prototype,Prototype
3608,Uniform-Low,6,1,Old,Old
3608,Uniform-Low,6,1,High,New
3608,Uniform-Low,9,1,Old,Old
3608,Uniform-Low,9,1,Medium,New
3608,Uniform-Low,3,1,Old,Old
3608,Uniform-Low,3,1,High,New
3608,Uniform-Low,6,1,High,New
3608,Uniform-Low,6,1,Prototype,Prototype
3608,Uniform-Low,3,1,Low,New
3608,Uniform-Low,6,1,Old,Old
3608,Uniform-Low,3,1,Low,New
3608,Uniform-Low,3,1,High,New
3608,Uniform-Low,3,1,Medium,New
3608,Uniform-Low,9,1,Medium,New
3608,Uniform-Low,9,1,High,New
3608,Uniform-Low,3,1,High,New
3608,Uniform-Low,3,1,Old,Old
3608,Uniform-Low,6,1,Medium,New
3608,Uniform-Low,9,1,Old,Old
3608,Uniform-Low,6,1,Medium,New
3608,Uniform-Low,6,1,Low,New
3608,Uniform-Low,6,1,High,New
3608,Uniform-Low,9,1,Low,New
3608,Uniform-Low,3,1,Old,Old
3608,Uniform-Low,6,1,Low,New
3608,Uniform-Low,9,1,High,New
3608,Uniform-Low,9,1,Medium,New
3608,Uniform-Low,9,1,High,New
3608,Uniform-Low,9,1,Low,New
3608,Uniform-Low,9,1,Old,Old
3608,Uniform-Low,3,1,Medium,New
3608,Uniform-Low,3,1,Low,New
3608,Uniform-Low,9,1,Low,New
3608,Uniform-Low,6,1,Old,Old
3608,Uniform-Low,6,1,Low,New
3608,Uniform-Low,3,1,Medium,New
3608,Uniform-Low,3,1,Prototype,Prototype
3608,Uniform-Low,6,1,Medium,New
3659,Uniform-Low,3,1,Medium,New
3659,Uniform-Low,3,1,Prototype,Prototype
3659,Uniform-Low,6,1,Old,Old
3659,Uniform-Low,3,1,Low,New
3659,Uniform-Low,6,1,Prototype,Prototype
3659,Uniform-Low,6,1,Medium,New
3659,Uniform-Low,9,1,High,New
3659,Uniform-Low,3,1,High,New
3659,Uniform-Low,9,1,Old,Old
3659,Uniform-Low,6,1,High,New
3659,Uniform-Low,6,1,Old,Old
3659,Uniform-Low,6,1,High,New
3659,Uniform-Low,6,1,Low,New
3659,Uniform-Low,6,1,Medium,New
3659,Uniform-Low,9,1,Old,Old
3659,Uniform-Low,9,1,Medium,New
3659,Uniform-Low,9,1,High,New
3659,Uniform-Low,9,1,Low,New
3659,Uniform-Low,9,1,Low,New
3659,Uniform-Low,9,1,High,New
3659,Uniform-Low,3,1,Old,Old
3659,Uniform-Low,3,1,High,New
3659,Uniform-Low,6,1,High,New
3659,Uniform-Low,3,1,Medium,New
3659,Uniform-Low,9,1,Old,Old
3659,Uniform-Low,9,1,Medium,New
3659,Uniform-Low,9,1,Low,New
3659,Uniform-Low,6,1,Low,New
3659,Uniform-Low,9,1,Prototype,Prototype
3659,Uniform-Low,9,1,Medium,New
3659,Uniform-Low,3,1,High,New
3659,Uniform-Low,6,1,Medium,New
3659,Uniform-Low,6,1,Low,New
3659,Uniform-Low,3,1,Old,Old
3659,Uniform-Low,3,1,Old,Old
3659,Uniform-Low,6,1,Old,Old
3659,Uniform-Low,3,1,Medium,New
3659,Uniform-Low,3,1,Low,New
3659,Uniform-Low,3,1,Low,New
3710,Uniform-Low,9,1,High,New
3710,Uniform-Low,9,1,Old,Old
3710,Uniform-Low,9,1,Medium,New
3710,Uniform-Low,3,1,Medium,New
3710,Uniform-Low,3,1,Low,New
3710,Uniform-Low,6,1,Old,Old
3710,Uniform-Low,6,1,High,New
3710,Uniform-Low,3,1,Medium,New
3710,Uniform-Low,9,1,Medium,New
3710,Uniform-Low,3,1,Medium,New
3710,Uniform-Low,9,1,Old,Old
3710,Uniform-Low,3,1,Old,Old
3710,Uniform-Low,3,1,High,New
3710,Uniform-Low,6,1,Low,New
3710,Uniform-Low,6,1,Prototype,Prototype
3710,Uniform-Low,6,1,Medium,New
3710,Uniform-Low,9,1,Low,New
3710,Uniform-Low,6,1,Old,Old
3710,Uniform-Low,9,1,Prototype,Prototype
3710,Uniform-Low,6,1,Old,Old
3710,Uniform-Low,9,1,High,New
3710,Uniform-Low,6,1,Low,New
3710,Uniform-Low,3,1,High,New
3710,Uniform-Low,6,1,Medium,New
3710,Uniform-Low,6,1,High,New
3710,Uniform-Low,6,1,Low,New
3710,Uniform-Low,6,1,High,New
3710,Uniform-Low,9,1,Medium,New
3710,Uniform-Low,3,1,Low,New
3710,Uniform-Low,3,1,Prototype,Prototype
3710,Uniform-Low,6,1,Medium,New
3710,Uniform-Low,9,1,Old,Old
3710,Uniform-Low,3,1,Old,Old
3710,Uniform-Low,9,1,Low,New
3710,Uniform-Low,9,1,Low,New
3710,Uniform-Low,3,1,High,New
3710,Uniform-Low,3,1,Old,Old
3710,Uniform-Low,9,1,High,New
3710,Uniform-Low,3,1,Low,New
1146,Mixed,9,1,High,New
1146,Mixed,6,1,Old,Old
1146,Mixed,6,1,High,New
1146,Mixed,6,1,Medium,New
1146,Mixed,9,1,Old,Old
1146,Mixed,6,1,Low,New
1146,Mixed,9,1,Prototype,Prototype
1146,Mixed,9,1,Low,New
1146,Mixed,9,1,Medium,New
1146,Mixed,6,1,Low,New
1146,Mixed,9,1,Old,Old
1146,Mixed,3,1,Old,Old
1146,Mixed,6,1,High,New
1146,Mixed,3,1,Old,Old
1146,Mixed,3,1,Prototype,Prototype
1146,Mixed,9,1,Low,New
1146,Mixed,3,1,High,New
1146,Mixed,3,1,High,New
1146,Mixed,3,1,Old,Old
1146,Mixed,9,1,Medium,New
1146,Mixed,6,1,High,New
1146,Mixed,6,1,Old,Old
1146,Mixed,6,1,Prototype,Prototype
1146,Mixed,9,1,Old,Old
1146,Mixed,6,1,Old,Old
1146,Mixed,6,1,Low,New
1146,Mixed,3,1,Medium,New
1146,Mixed,3,1,Low,New
1146,Mixed,9,1,Low,New
1146,Mixed,3,1,Medium,New
1146,Mixed,9,1,High,New
1146,Mixed,3,1,Medium,New
1146,Mixed,3,1,Low,New
1146,Mixed,9,1,Medium,New
1146,Mixed,3,1,High,New
1146,Mixed,3,1,Low,New
1146,Mixed,6,1,Medium,New
1146,Mixed,9,1,High,New
1146,Mixed,6,1,Medium,New
1197,Mixed,6,1,Old,Old
1197,Mixed,9,1,Low,New
1197,Mixed,9,1,Medium,New
1197,Mixed,6,1,Medium,New
1197,Mixed,3,1,Medium,New
1197,Mixed,3,1,High,New
1197,Mixed,3,1,Low,New
1197,Mixed,9,1,Medium,New
1197,Mixed,9,1,Old,Old
1197,Mixed,9,1,High,New
1197,Mixed,6,1,Old,Old
1197,Mixed,3,1,Low,New
1197,Mixed,6,1,Medium,New
1197,Mixed,6,1,High,New
1197,Mixed,3,1,Old,Old
1197,Mixed,3,1,Old,Old
1197,Mixed,9,1,Low,New
1197,Mixed,9,1,High,New
1197,Mixed,9,1,High,New
1197,Mixed,6,1,Low,New
1197,Mixed,9,1,Prototype,Prototype
1197,Mixed,6,1,Medium,New
1197,Mixed,9,1,Medium,New
1197,Mixed,3,1,High,New
1197,Mixed,6,1,High,New
1197,Mixed,6,1,Low,New
1197,Mixed,9,1,Old,Old
1197,Mixed,9,1,Old,Old
1197,Mixed,3,1,Medium,New
1197,Mixed,6,1,Low,New
1197,Mixed,3,1,Prototype,Prototype
1197,Mixed,3,1,High,New
1197,Mixed,6,1,Prototype,Prototype
1197,Mixed,3,1,Low,New
1197,Mixed,3,1,Medium,New
1197,Mixed,6,1,High,New
1197,Mixed,6,1,Old,Old
1197,Mixed,3,1,Old,Old
1197,Mixed,9,1,Low,New
1248,Mixed,9,1,Prototype,Prototype
1248,Mixed,9,1,Medium,New
1248,Mixed,3,1,Low,New
1248,Mixed,9,1,Medium,New
1248,Mixed,6,1,High,New
1248,Mixed,3,1,High,New
1248,Mixed,6,1,Medium,New
1248,Mixed,6,1,High,New
1248,Mixed,3,1,Old,Old
1248,Mixed,9,1,Low,New
1248,Mixed,3,1,Old,Old
1248,Mixed,6,1,Prototype,Prototype
1248,Mixed,6,1,High,New
1248,Mixed,9,1,Old,Old
1248,Mixed,6,1,Medium,New
1248,Mixed,3,1,Medium,New
1248,Mixed,9,1,Medium,New
1248,Mixed,3,1,High,New
1248,Mixed,3,1,Medium,New
1248,Mixed,3,1,Medium,New
1248,Mixed,6,1,Low,New
1248,Mixed,9,1,High,New
1248,Mixed,6,1,Old,Old
1248,Mixed,9,1,Low,New
1248,Mixed,9,1,High,New
1248,Mixed,9,1,Old,Old
1248,Mixed,6,1,Medium,New
1248,Mixed,9,1,Low,New
1248,Mixed,9,1,Old,Old
1248,Mixed,6,1,Low,New
1248,Mixed,3,1,High,New
1248,Mixed,9,1,High,New
1248,Mixed,6,1,Old,Old
1248,Mixed,6,1,Old,Old
1248,Mixed,3,1,Low,New
1248,Mixed,3,1,Prototype,Prototype
1248,Mixed,6,1,Low,New
1248,Mixed,3,1,Old,Old
1248,Mixed,3,1,Low,New
1299,Mixed,9,1,High,New
1299,Mixed,6,1,Medium,New
1299,Mixed,6,1,Low,New
1299,Mixed,9,1,Low,New
1299,Mixed,6,1,High,New
1299,Mixed,9,1,Medium,New
1299,Mixed,3,1,Medium,New
1299,Mixed,3,1,High,New
1299,Mixed,9,1,Medium,New
1299,Mixed,9,1,Prototype,Prototype
1299,Mixed,3,1,Old,Old
1299,Mixed,6,1,High,New
1299,Mixed,9,1,Medium,New
1299,Mixed,3,1,Medium,New
1299,Mixed,9,1,Low,New
1299,Mixed,6,1,Medium,New
1299,Mixed,6,1,Low,New
1299,Mixed,6,1,Old,Old
1299,Mixed,9,1,Old,Old
1299,Mixed,3,1,Old,Old
1299,Mixed,3,1,Low,New
1299,Mixed,3,1,Prototype,Prototype
1299,Mixed,9,1,Old,Old
1299,Mixed,3,1,Low,New
1299,Mixed,9,1,High,New
1299,Mixed,6,1,Old,Old
1299,Mixed,6,1,High,New
1299,Mixed,9,1,Old,Old
1299,Mixed,6,1,Prototype,Prototype
1299,Mixed,3,1,High,New
1299,Mixed,9,1,High,New
1299,Mixed,6,1,Medium,New
1299,Mixed,6,1,Old,Old
1299,Mixed,3,1,Medium,New
1299,Mixed,9,1,Low,New
1299,Mixed,3,1,High,New
1299,Mixed,3,1,Low,New
1299,Mixed,3,1,Old,Old
1299,Mixed,6,1,Low,New
1350,Mixed,3,1,Low,New
1350,Mixed,9,1,Old,Old
1350,Mixed,3,1,Prototype,Prototype
1350,Mixed,9,1,Low,New
1350,Mixed,9,1,Medium,New
1350,Mixed,6,1,Old,Old
1350,Mixed,6,1,Low,New
1350,Mixed,9,1,Prototype,Prototype
1350,Mixed,9,1,Low,New
1350,Mixed,6,1,High,New
1350,Mixed,3,1,Old,Old
1350,Mixed,6,1,Prototype,Prototype
1350,Mixed,6,1,High,New
1350,Mixed,9,1,Medium,New
1350,Mixed,6,1,Low,New
1350,Mixed,6,1,Old,Old
1350,Mixed,3,1,Medium,New
1350,Mixed,9,1,Old,Old
1350,Mixed,3,1,High,New
1350,Mixed,6,1,Medium,New
1350,Mixed,3,1,Medium,New
1350,Mixed,6,1,Low,New
1350,Mixed,9,1,Old,Old
1350,Mixed,9,1,Medium,New
1350,Mixed,9,1,High,New
1350,Mixed,9,1,High,New
1350,Mixed,3,1,Medium,New
1350,Mixed,3,1,Low,New
1350,Mixed,6,1,Medium,New
1350,Mixed,6,1,High,New
1350,Mixed,6,1,Medium,New
1350,Mixed,3,1,High,New
1350,Mixed,3,1,Old,Old
1350,Mixed,9,1,Low,New
1350,Mixed,6,1,Old,Old
1350,Mixed,3,1,Old,Old
1350,Mixed,3,1,Low,New
1350,Mixed,9,1,High,New
1350,Mixed,3,1,High,New
1401,Mixed,6,1,Medium,New
1401,Mixed,3,1,High,New
1401,Mixed,3,1,Low,New
1401,Mixed,9,1,Prototype,Prototype
1401,Mixed,6,1,Low,New
1401,Mixed,9,1,Old,Old
1401,Mixed,6,1,Medium,New
1401,Mixed,6,1,High,New
1401,Mixed,6,1,Old,Old
1401,Mixed,9,1,Old,Old
1401,Mixed,9,1,High,New
1401,Mixed,3,1,Medium,New
1401,Mixed,3,1,Medium,New
1401,Mixed,9,1,High,New
1401,Mixed,6,1,Prototype,Prototype
1401,Mixed,3,1,Prototype,Prototype
1401,Mixed,9,1,Low,New
1401,Mixed,6,1,Old,Old
1401,Mixed,9,1,Old,Old
1401,Mixed,9,1,Low,New
1401,Mixed,6,1,Medium,New
1401,Mixed,9,1,High,New
1401,Mixed,9,1,Medium,New
1401,Mixed,6,1,Low,New
1401,Mixed,3,1,Medium,New
1401,Mixed,3,1,High,New
1401,Mixed,6,1,Low,New
1401,Mixed,3,1,Low,New
1401,Mixed,3,1,High,New
1401,Mixed,3,1,Low,New
1401,Mixed,6,1,High,New
1401,Mixed,9,1,Medium,New
1401,Mixed,6,1,Old,Old
1401,Mixed,3,1,Old,Old
1401,Mixed,9,1,Low,New
1401,Mixed,6,1,High,New
1401,Mixed,9,1,Medium,New
1401,Mixed,3,1,Old,Old
1401,Mixed,3,1,Old,Old
1452,Mixed,3,1,Low,New
1452,Mixed,6,1,High,New
1452,Mixed,3,1,Low,New
1452,Mixed,3,1,Prototype,Prototype
1452,Mixed,6,1,Medium,New
1452,Mixed,9,1,Medium,New
1452,Mixed,6,1,Old,Old
1452,Mixed,9,1,Old,Old
1452,Mixed,3,1,Old,Old
1452,Mixed,9,1,Low,New
1452,Mixed,3,1,Old,Old
1452,Mixed,9,1,High,New
1452,Mixed,9,1,Low,New
1452,Mixed,6,1,Low,New
1452,Mixed,9,1,Medium,New
1452,Mixed,3,1,High,New
1452,Mixed,3,1,Medium,New
1452,Mixed,6,1,High,New
1452,Mixed,3,1,Old,Old
1452,Mixed,9,1,Old,Old
1452,Mixed,6,1,Medium,New
1452,Mixed,6,1,High,New
1452,Mixed,6,1,Medium,New
1452,Mixed,9,1,Prototype,Prototype
1452,Mixed,3,1,Medium,New
1452,Mixed,6,1,Low,New
1452,Mixed,9,1,Low,New
1452,Mixed,6,1,Old,Old
1452,Mixed,3,1,High,New
1452,Mixed,6,1,Prototype,Prototype
1452,Mixed,9,1,High,New
1452,Mixed,3,1,Medium,New
1452,Mixed,9,1,Old,Old
1452,Mixed,3,1,High,New
1452,Mixed,3,1,Low,New
1452,Mixed,6,1,Old,Old
1452,Mixed,6,1,Low,New
1452,Mixed,9,1,High,New
1452,Mixed,9,1,Medium,New
1503,Mixed,3,1,Medium,New
1503,Mixed,9,1,High,New
1503,Mixed,6,1,Medium,New
1503,Mixed,3,1,Medium,New
1503,Mixed,6,1,Low,New
1503,Mixed,9,1,Prototype,Prototype
1503,Mixed,3,1,High,New
1503,Mixed,6,1,High,New
1503,Mixed,9,1,Medium,New
1503,Mixed,9,1,High,New
1503,Mixed,9,1,Medium,New
1503,Mixed,9,1,Medium,New
1503,Mixed,3,1,Low,New
1503,Mixed,6,1,Old,Old
1503,Mixed,9,1,Low,New
1503,Mixed,3,1,Low,New
1503,Mixed,9,1,Old,Old
1503,Mixed,3,1,High,New
1503,Mixed,6,1,Prototype,Prototype
1503,Mixed,6,1,High,New
1503,Mixed,9,1,Old,Old
1503,Mixed,6,1,Medium,New
1503,Mixed,3,1,Old,Old
1503,Mixed,6,1,Old,Old
1503,Mixed,6,1,Low,New
1503,Mixed,6,1,Old,Old
1503,Mixed,3,1,High,New
1503,Mixed,6,1,High,New
1503,Mixed,9,1,Low,New
1503,Mixed,3,1,Low,New
1503,Mixed,6,1,Low,New
1503,Mixed,9,1,Old,Old
1503,Mixed,3,1,Old,Old
1503,Mixed,3,1,Prototype,Prototype
1503,Mixed,3,1,Medium,New
1503,Mixed,3,1,Old,Old
1503,Mixed,6,1,Medium,New
1503,Mixed,9,1,High,New
1503,Mixed,9,1,Low,New
1554,Mixed,9,1,High,New
1554,Mixed,9,1,High,New
1554,Mixed,9,1,Low,New
1554,Mixed,9,1,Old,Old
1554,Mixed,3,1,Old,Old
1554,Mixed,6,1,High,New
1554,Mixed,6,1,Old,Old
1554,Mixed,3,1,High,New
1554,Mixed,9,1,Low,New
1554,Mixed,3,1,Old,Old
1554,Mixed,9,1,Low,New
1554,Mixed,3,1,High,New
1554,Mixed,9,1,Medium,New
1554,Mixed,3,1,Medium,New
1554,Mixed,9,1,Prototype,Prototype
1554,Mixed,6,1,Low,New
1554,Mixed,6,1,High,New
1554,Mixed,3,1,Low,New
1554,Mixed,9,1,Old,Old
1554,Mixed,3,1,Prototype,Prototype
1554,Mixed,3,1,Medium,New
1554,Mixed,6,1,Medium,New
1554,Mixed,9,1,Old,Old
1554,Mixed,6,1,High,New
1554,Mixed,9,1,Medium,New
1554,Mixed,6,1,Prototype,Prototype
1554,Mixed,3,1,Low,New
1554,Mixed,6,1,Old,Old
1554,Mixed,3,1,Old,Old
1554,Mixed,9,1,High,New
1554,Mixed,6,1,Medium,New
1554,Mixed,6,1,Old,Old
1554,Mixed,3,1,High,New
1554,Mixed,6,1,Medium,New
1554,Mixed,9,1,Medium,New
1554,Mixed,3,1,Medium,New
1554,Mixed,3,1,Low,New
1554,Mixed,6,1,Low,New
1554,Mixed,6,1,Low,New
1605,Mixed,9,1,High,New
1605,Mixed,9,1,Low,New
1605,Mixed,9,1,Prototype,Prototype
1605,Mixed,9,1,Old,Old
1605,Mixed,6,1,Low,New
1605,Mixed,3,1,Old,Old
1605,Mixed,6,1,Low,New
1605,Mixed,6,1,Medium,New
1605,Mixed,6,1,Medium,New
1605,Mixed,3,1,Medium,New
1605,Mixed,9,1,Low,New
1605,Mixed,6,1,Medium,New
1605,Mixed,6,1,High,New
1605,Mixed,9,1,Medium,New
1605,Mixed,9,1,High,New
1605,Mixed,3,1,Medium,New
1605,Mixed,3,1,Medium,New
1605,Mixed,9,1,Medium,New
1605,Mixed,3,1,High,New
1605,Mixed,6,1,Old,Old
1605,Mixed,3,1,Old,Old
1605,Mixed,3,1,Low,New
1605,Mixed,6,1,Old,Old
1605,Mixed,3,1,High,New
1605,Mixed,6,1,Low,New
1605,Mixed,9,1,Old,Old
1605,Mixed,9,1,Medium,New
1605,Mixed,6,1,High,New
1605,Mixed,3,1,Low,New
1605,Mixed,3,1,Prototype,Prototype
1605,Mixed,6,1,High,New
1605,Mixed,6,1,Prototype,Prototype
1605,Mixed,3,1,Old,Old
1605,Mixed,9,1,Old,Old
1605,Mixed,6,1,Old,Old
1605,Mixed,9,1,Low,New
1605,Mixed,3,1,High,New
1605,Mixed,3,1,Low,New
1605,Mixed,9,1,High,New
1656,Mixed,3,1,Old,Old
1656,Mixed,9,1,High,New
1656,Mixed,3,1,Medium,New
1656,Mixed,6,1,Prototype,Prototype
1656,Mixed,6,1,Medium,New
1656,Mixed,3,1,Medium,New
1656,Mixed,9,1,Old,Old
1656,Mixed,9,1,Old,Old
1656,Mixed,9,1,Medium,New
1656,Mixed,6,1,Medium,New
1656,Mixed,9,1,Low,New
1656,Mixed,9,1,Medium,New
1656,Mixed,9,1,Low,New
1656,Mixed,9,1,Old,Old
1656,Mixed,9,1,High,New
1656,Mixed,3,1,Low,New
1656,Mixed,6,1,Old,Old
1656,Mixed,9,1,Medium,New
1656,Mixed,3,1,High,New
1656,Mixed,3,1,Low,New
1656,Mixed,6,1,Low,New
1656,Mixed,3,1,Old,Old
1656,Mixed,6,1,High,New
1656,Mixed,6,1,Low,New
1656,Mixed,6,1,Medium,New
1656,Mixed,3,1,High,New
1656,Mixed,3,1,Prototype,Prototype
1656,Mixed,9,1,Low,New
1656,Mixed,3,1,Old,Old
1656,Mixed,6,1,Old,Old
1656,Mixed,6,1,Low,New
1656,Mixed,3,1,High,New
1656,Mixed,6,1,High,New
1656,Mixed,6,1,High,New
1656,Mixed,6,1,Old,Old
1656,Mixed,9,1,Prototype,Prototype
1656,Mixed,9,1,High,New
1656,Mixed,3,1,Medium,New
1656,Mixed,3,1,Low,New
1707,Mixed,6,1,Low,New
1707,Mixed,3,1,High,New
1707,Mixed,3,1,Old,Old
1707,Mixed,3,1,High,New
1707,Mixed,6,1,Prototype,Prototype
1707,Mixed,9,1,Prototype,Prototype
1707,Mixed,9,1,Medium,New
1707,Mixed,3,1,Low,New
1707,Mixed,3,1,Medium,New
1707,Mixed,3,1,Prototype,Prototype
1707,Mixed,3,1,Old,Old
1707,Mixed,6,1,Old,Old
1707,Mixed,6,1,Old,Old
1707,Mixed,9,1,Medium,New
1707,Mixed,9,1,Low,New
1707,Mixed,9,1,Medium,New
1707,Mixed,6,1,High,New
1707,Mixed,3,1,Low,New
1707,Mixed,6,1,Medium,New
1707,Mixed,3,1,Low,New
1707,Mixed,6,1,Low,New
1707,Mixed,6,1,Low,New
1707,Mixed,9,1,Low,New
1707,Mixed,9,1,Low,New
1707,Mixed,6,1,Medium,New
1707,Mixed,9,1,Old,Old
1707,Mixed,9,1,Old,Old
1707,Mixed,3,1,High,New
1707,Mixed,6,1,High,New
1707,Mixed,9,1,High,New
1707,Mixed,9,1,High,New
1707,Mixed,3,1,Medium,New
1707,Mixed,3,1,Medium,New
1707,Mixed,6,1,Old,Old
1707,Mixed,6,1,Medium,New
1707,Mixed,9,1,High,New
1707,Mixed,6,1,High,New
1707,Mixed,9,1,Old,Old
1707,Mixed,3,1,Old,Old
1758,Mixed,6,1,High,New
1758,Mixed,9,1,Old,Old
1758,Mixed,3,1,Prototype,Prototype
1758,Mixed,9,1,Medium,New
1758,Mixed,6,1,Medium,New
1758,Mixed,3,1,Medium,New
1758,Mixed,3,1,Medium,New
1758,Mixed,9,1,Old,Old
1758,Mixed,6,1,Low,New
1758,Mixed,9,1,Medium,New
1758,Mixed,3,1,Old,Old
1758,Mixed,9,1,High,New
1758,Mixed,3,1,Medium,New
1758,Mixed,3,1,Low,New
1758,Mixed,3,1,Low,New
1758,Mixed,9,1,Low,New
1758,Mixed,9,1,Low,New
1758,Mixed,6,1,High,New
1758,Mixed,9,1,Low,New
1758,Mixed,9,1,Prototype,Prototype
1758,Mixed,6,1,Low,New
1758,Mixed,9,1,High,New
1758,Mixed,6,1,Medium,New
1758,Mixed,6,1,Old,Old
1758,Mixed,6,1,High,New
1758,Mixed,9,1,Old,Old
1758,Mixed,3,1,High,New
1758,Mixed,3,1,Low,New
1758,Mixed,3,1,Old,Old
1758,Mixed,3,1,Old,Old
1758,Mixed,3,1,High,New
1758,Mixed,6,1,Old,Old
1758,Mixed,9,1,Medium,New
1758,Mixed,6,1,Prototype,Prototype
1758,Mixed,3,1,High,New
1758,Mixed,6,1,Medium,New
1758,Mixed,6,1,Old,Old
1758,Mixed,6,1,Low,New
1758,Mixed,9,1,High,New
1809,Mixed,6,1,High,New
1809,Mixed,6,1,Prototype,Prototype
1809,Mixed,9,1,High,New
1809,Mixed,3,1,Prototype,Prototype
1809,Mixed,6,1,Medium,New
1809,Mixed,9,1,Medium,New
1809,Mixed,3,1,Low,New
1809,Mixed,3,1,Old,Old
1809,Mixed,9,1,Low,New
1809,Mixed,6,1,Old,Old
1809,Mixed,9,1,Medium,New
1809,Mixed,3,1,Medium,New
1809,Mixed,3,1,High,New
1809,Mixed,6,1,Low,New
1809,Mixed,9,1,Old,Old
1809,Mixed,6,1,Medium,New
1809,Mixed,6,1,High,New
1809,Mixed,6,1,Old,Old
1809,Mixed,3,1,Medium,New
1809,Mixed,3,1,Low,New
1809,Mixed,9,1,Medium,New
1809,Mixed,6,1,Low,New
1809,Mixed,3,1,Medium,New
1809,Mixed,3,1,High,New
1809,Mixed,3,1,Old,Old
1809,Mixed,6,1,Old,Old
1809,Mixed,3,1,Old,Old
1809,Mixed,3,1,Low,New
1809,Mixed,9,1,Old,Old
1809,Mixed,9,1,Low,New
1809,Mixed,6,1,Low,New
1809,Mixed,6,1,Medium,New
1809,Mixed,9,1,High,New
1809,Mixed,9,1,Low,New
1809,Mixed,6,1,High,New
1809,Mixed,9,1,Prototype,Prototype
1809,Mixed,9,1,Old,Old
1809,Mixed,3,1,High,New
1809,Mixed,9,1,High,New
1860,Mixed,6,1,Old,Old
1860,Mixed,3,1,Old,Old
1860,Mixed,9,1,Low,New
1860,Mixed,6,1,Medium,New
1860,Mixed,6,1,Old,Old
1860,Mixed,9,1,Low,New
1860,Mixed,3,1,Low,New
1860,Mixed,3,1,Medium,New
1860,Mixed,9,1,Medium,New
1860,Mixed,6,1,High,New
1860,Mixed,6,1,Low,New
1860,Mixed,6,1,Old,Old
1860,Mixed,3,1,High,New
1860,Mixed,3,1,High,New
1860,Mixed,9,1,Old,Old
1860,Mixed,9,1,Prototype,Prototype
1860,Mixed,6,1,Low,New
1860,Mixed,3,1,Low,New
1860,Mixed,9,1,Old,Old
1860,Mixed,3,1,Old,Old
1860,Mixed,6,1,High,New
1860,Mixed,6,1,Medium,New
1860,Mixed,3,1,Old,Old
1860,Mixed,9,1,High,New
1860,Mixed,3,1,Low,New
1860,Mixed,3,1,High,New
1860,Mixed,6,1,High,New
1860,Mixed,9,1,High,New
1860,Mixed,6,1,Medium,New
1860,Mixed,3,1,Prototype,Prototype
1860,Mixed,3,1,Medium,New
1860,Mixed,9,1,High,New
1860,Mixed,9,1,Low,New
1860,Mixed,6,1,Low,New
1860,Mixed,9,1,Medium,New
1860,Mixed,3,1,Medium,New
1860,Mixed,9,1,Old,Old
1860,Mixed,9,1,Medium,New
1860,Mixed,6,1,Prototype,Prototype
1911,Mixed,9,1,High,New
1911,Mixed,3,1,Medium,New
1911,Mixed,9,1,Low,New
1911,Mixed,3,1,Medium,New
1911,Mixed,3,1,Low,New
1911,Mixed,3,1,Old,Old
1911,Mixed,9,1,Medium,New
1911,Mixed,6,1,Old,Old
1911,Mixed,9,1,Low,New
1911,Mixed,6,1,Old,Old
1911,Mixed,6,1,Low,New
1911,Mixed,3,1,High,New
1911,Mixed,6,1,Medium,New
1911,Mixed,9,1,Old,Old
1911,Mixed,3,1,Low,New
1911,Mixed,9,1,Prototype,Prototype
1911,Mixed,3,1,Prototype,Prototype
1911,Mixed,9,1,High,New
1911,Mixed,9,1,Old,Old
1911,Mixed,6,1,Medium,New
1911,Mixed,3,1,Medium,New
1911,Mixed,6,1,Medium,New
1911,Mixed,6,1,Prototype,Prototype
1911,Mixed,3,1,Old,Old
1911,Mixed,3,1,Low,New
1911,Mixed,9,1,High,New
1911,Mixed,6,1,High,New
1911,Mixed,3,1,Old,Old
1911,Mixed,6,1,Old,Old
1911,Mixed,3,1,High,New
1911,Mixed,9,1,Medium,New
1911,Mixed,6,1,Low,New
1911,Mixed,6,1,High,New
1911,Mixed,9,1,Medium,New
1911,Mixed,6,1,High,New
1911,Mixed,3,1,High,New
1911,Mixed,9,1,Low,New
1911,Mixed,6,1,Low,New
1911,Mixed,9,1,Old,Old
1962,Mixed,9,1,Old,Old
1962,Mixed,9,1,Low,New
1962,Mixed,9,1,Medium,New
1962,Mixed,3,1,Medium,New
1962,Mixed,6,1,High,New
1962,Mixed,3,1,Low,New
1962,Mixed,3,1,Low,New
1962,Mixed,9,1,Low,New
1962,Mixed,9,1,Medium,New
1962,Mixed,9,1,Old,Old
1962,Mixed,9,1,Old,Old
1962,Mixed,3,1,High,New
1962,Mixed,6,1,Low,New
1962,Mixed,9,1,Low,New
1962,Mixed,3,1,High,New
1962,Mixed,6,1,Medium,New
1962,Mixed,6,1,Old,Old
1962,Mixed,9,1,High,New
1962,Mixed,6,1,High,New
1962,Mixed,6,1,Old,Old
1962,Mixed,3,1,Old,Old
1962,Mixed,9,1,Medium,New
1962,Mixed,3,1,Medium,New
1962,Mixed,9,1,High,New
1962,Mixed,3,1,Old,Old
1962,Mixed,3,1,High,New
1962,Mixed,3,1,Low,New
1962,Mixed,6,1,Low,New
1962,Mixed,6,1,Medium,New
1962,Mixed,9,1,High,New
1962,Mixed,3,1,Old,Old
1962,Mixed,6,1,High,New
1962,Mixed,6,1,Low,New
1962,Mixed,9,1,Prototype,Prototype
1962,Mixed,3,1,Prototype,Prototype
1962,Mixed,6,1,Old,Old
1962,Mixed,6,1,Medium,New
1962,Mixed,3,1,Medium,New
1962,Mixed,6,1,Prototype,Prototype
2013,Mixed,9,1,Old,Old
2013,Mixed,3,1,Low,New
2013,Mixed,6,1,High,New
2013,Mixed,6,1,Old,Old
2013,Mixed,9,1,Medium,New
2013,Mixed,6,1,Medium,New
2013,Mixed,6,1,Low,New
2013,Mixed,6,1,High,New
2013,Mixed,3,1,Medium,New
2013,Mixed,9,1,High,New
2013,Mixed,3,1,High,New
2013,Mixed,3,1,High,New
2013,Mixed,9,1,Medium,New
2013,Mixed,6,1,Low,New
2013,Mixed,6,1,Medium,New
2013,Mixed,3,1,High,New
2013,Mixed,9,1,Low,New
2013,Mixed,3,1,Old,Old
2013,Mixed,9,1,Old,Old
2013,Mixed,9,1,Low,New
2013,Mixed,6,1,Old,Old
2013,Mixed,6,1,Low,New
2013,Mixed,9,1,Low,New
2013,Mixed,3,1,Prototype,Prototype
2013,Mixed,3,1,Low,New
2013,Mixed,9,1,High,New
2013,Mixed,3,1,Medium,New
2013,Mixed,6,1,Medium,New
2013,Mixed,6,1,Prototype,Prototype
2013,Mixed,9,1,Prototype,Prototype
2013,Mixed,3,1,Old,Old
2013,Mixed,9,1,High,New
2013,Mixed,9,1,Medium,New
2013,Mixed,6,1,High,New
2013,Mixed,6,1,Old,Old
2013,Mixed,3,1,Low,New
2013,Mixed,9,1,Old,Old
2013,Mixed,3,1,Medium,New
2013,Mixed,3,1,Old,Old
2064,Mixed,3,1,Low,New
2064,Mixed,3,1,Medium,New
2064,Mixed,9,1,Prototype,Prototype
2064,Mixed,9,1,High,New
2064,Mixed,3,1,Old,Old
2064,Mixed,3,1,Old,Old
2064,Mixed,3,1,Old,Old
2064,Mixed,3,1,Medium,New
2064,Mixed,3,1,Low,New
2064,Mixed,6,1,Old,Old
2064,Mixed,6,1,Old,Old
2064,Mixed,6,1,High,New
2064,Mixed,3,1,High,New
2064,Mixed,6,1,Medium,New
2064,Mixed,3,1,Medium,New
2064,Mixed,9,1,Low,New
2064,Mixed,3,1,High,New
2064,Mixed,6,1,Low,New
2064,Mixed,9,1,Medium,New
2064,Mixed,6,1,High,New
2064,Mixed,9,1,Old,Old
2064,Mixed,9,1,Old,Old
2064,Mixed,9,1,High,New
2064,Mixed,9,1,Low,New
2064,Mixed,3,1,High,New
2064,Mixed,6,1,Low,New
2064,Mixed,6,1,Prototype,Prototype
2064,Mixed,6,1,Old,Old
2064,Mixed,6,1,Medium,New
2064,Mixed,9,1,High,New
2064,Mixed,3,1,Low,New
2064,Mixed,9,1,Low,New
2064,Mixed,9,1,Medium,New
2064,Mixed,6,1,Low,New
2064,Mixed,9,1,Old,Old
2064,Mixed,6,1,Medium,New
2064,Mixed,9,1,Medium,New
2064,Mixed,3,1,Prototype,Prototype
2064,Mixed,6,1,High,New
2115,Mixed,3,1,Low,New
2115,Mixed,9,1,Low,New
2115,Mixed,3,1,Low,New
2115,Mixed,6,1,Medium,New
2115,Mixed,9,1,Prototype,Prototype
2115,Mixed,3,1,Low,New
2115,Mixed,6,1,Old,Old
2115,Mixed,3,1,Old,Old
2115,Mixed,6,1,Low,New
2115,Mixed,3,1,Old,Old
2115,Mixed,9,1,High,New
2115,Mixed,6,1,High,New
2115,Mixed,3,1,High,New
2115,Mixed,3,1,Old,Old
2115,Mixed,9,1,Medium,New
2115,Mixed,9,1,Old,Old
2115,Mixed,6,1,Low,New
2115,Mixed,9,1,High,New
2115,Mixed,6,1,Prototype,Prototype
2115,Mixed,6,1,High,New
2115,Mixed,9,1,Old,Old
2115,Mixed,9,1,Low,New
2115,Mixed,6,1,Old,Old
2115,Mixed,3,1,High,New
2115,Mixed,3,1,Medium,New
2115,Mixed,9,1,Low,New
2115,Mixed,9,1,Medium,New
2115,Mixed,6,1,Old,Old
2115,Mixed,9,1,Old,Old
2115,Mixed,6,1,Low,New
2115,Mixed,3,1,Medium,New
2115,Mixed,3,1,High,New
2115,Mixed,6,1,High,New
2115,Mixed,6,1,Medium,New
2115,Mixed,3,1,Prototype,Prototype
2115,Mixed,3,1,Medium,New
2115,Mixed,6,1,Medium,New
2115,Mixed,9,1,Medium,New
2115,Mixed,9,1,High,New
2166,Mixed,6,1,Low,New
2166,Mixed,6,1,High,New
2166,Mixed,9,1,Low,New
2166,Mixed,3,1,Medium,New
2166,Mixed,3,1,Prototype,Prototype
2166,Mixed,6,1,Medium,New
2166,Mixed,3,1,Medium,New
2166,Mixed,6,1,Low,New
2166,Mixed,6,1,Medium,New
2166,Mixed,9,1,High,New
2166,Mixed,9,1,High,New
2166,Mixed,3,1,High,New
2166,Mixed,6,1,Low,New
2166,Mixed,9,1,Low,New
2166,Mixed,3,1,Low,New
2166,Mixed,6,1,Old,Old
2166,Mixed,3,1,Old,Old
2166,Mixed,6,1,Medium,New
2166,Mixed,3,1,Old,Old
2166,Mixed,6,1,Prototype,Prototype
2166,Mixed,9,1,Prototype,Prototype
2166,Mixed,3,1,High,New
2166,Mixed,6,1,Old,Old
2166,Mixed,9,1,Old,Old
2166,Mixed,9,1,Medium,New
2166,Mixed,9,1,Medium,New
2166,Mixed,9,1,Old,Old
2166,Mixed,6,1,High,New
2166,Mixed,3,1,Low,New
2166,Mixed,3,1,High,New
2166,Mixed,9,1,Old,Old
2166,Mixed,3,1,Low,New
2166,Mixed,9,1,Medium,New
2166,Mixed,9,1,Low,New
2166,Mixed,3,1,Old,Old
2166,Mixed,9,1,High,New
2166,Mixed,3,1,Medium,New
2166,Mixed,6,1,Old,Old
2166,Mixed,6,1,High,New
2217,Mixed,9,1,Low,New
2217,Mixed,3,1,Prototype,Prototype
2217,Mixed,3,1,Old,Old
2217,Mixed,9,1,Prototype,Prototype
2217,Mixed,9,1,Medium,New
2217,Mixed,9,1,High,New
2217,Mixed,9,1,Old,Old
2217,Mixed,6,1,Old,Old
2217,Mixed,9,1,High,New
2217,Mixed,3,1,Medium,New
2217,Mixed,6,1,Old,Old
2217,Mixed,3,1,Old,Old
2217,Mixed,9,1,Old,Old
2217,Mixed,6,1,High,New
2217,Mixed,6,1,Medium,New
2217,Mixed,3,1,Low,New
2217,Mixed,9,1,Medium,New
2217,Mixed,6,1,Low,New
2217,Mixed,3,1,Old,Old
2217,Mixed,9,1,High,New
2217,Mixed,6,1,High,New
2217,Mixed,3,1,High,New
2217,Mixed,6,1,Medium,New
2217,Mixed,3,1,Medium,New
2217,Mixed,6,1,Old,Old
2217,Mixed,6,1,High,New
2217,Mixed,3,1,High,New
2217,Mixed,6,1,Medium,New
2217,Mixed,6,1,Prototype,Prototype
2217,Mixed,6,1,Low,New
2217,Mixed,3,1,High,New
2217,Mixed,9,1,Old,Old
2217,Mixed,3,1,Medium,New
2217,Mixed,9,1,Medium,New
2217,Mixed,6,1,Low,New
2217,Mixed,9,1,Low,New
2217,Mixed,3,1,Low,New
2217,Mixed,9,1,Low,New
2217,Mixed,3,1,Low,New
2268,Mixed,3,1,Medium,New
2268,Mixed,3,1,High,New
2268,Mixed,9,1,High,New
2268,Mixed,9,1,Prototype,Prototype
2268,Mixed,3,1,Low,New
2268,Mixed,9,1,Medium,New
2268,Mixed,6,1,Old,Old
2268,Mixed,9,1,Medium,New
2268,Mixed,3,1,Old,Old
2268,Mixed,9,1,Old,Old
2268,Mixed,3,1,Low,New
2268,Mixed,9,1,High,New
2268,Mixed,3,1,Old,Old
2268,Mixed,9,1,Old,Old
2268,Mixed,6,1,Low,New
2268,Mixed,6,1,Old,Old
2268,Mixed,9,1,Low,New
2268,Mixed,6,1,High,New
2268,Mixed,6,1,Medium,New
2268,Mixed,9,1,Low,New
2268,Mixed,6,1,Old,Old
2268,Mixed,9,1,Old,Old
2268,Mixed,6,1,High,New
2268,Mixed,3,1,Old,Old
2268,Mixed,3,1,Prototype,Prototype
2268,Mixed,3,1,Medium,New
2268,Mixed,9,1,Medium,New
2268,Mixed,6,1,High,New
2268,Mixed,6,1,Prototype,Prototype
2268,Mixed,6,1,Low,New
2268,Mixed,9,1,Low,New
2268,Mixed,9,1,High,New
2268,Mixed,3,1,High,New
2268,Mixed,3,1,Low,New
2268,Mixed,6,1,Low,New
2268,Mixed,6,1,Medium,New
2268,Mixed,3,1,High,New
2268,Mixed,6,1,Medium,New
2268,Mixed,3,1,Medium,New
2319,Mixed,3,1,Medium,New
2319,Mixed,9,1,Medium,New
2319,Mixed,9,1,Old,Old
2319,Mixed,9,1,High,New
2319,Mixed,3,1,Prototype,Prototype
2319,Mixed,6,1,Old,Old
2319,Mixed,6,1,Low,New
2319,Mixed,3,1,High,New
2319,Mixed,9,1,High,New
2319,Mixed,3,1,Old,Old
2319,Mixed,9,1,Old,Old
2319,Mixed,9,1,High,New
2319,Mixed,6,1,High,New
2319,Mixed,3,1,Medium,New
2319,Mixed,9,1,Low,New
2319,Mixed,6,1,Medium,New
2319,Mixed,3,1,High,New
2319,Mixed,6,1,Medium,New
2319,Mixed,3,1,Low,New
2319,Mixed,9,1,Medium,New
2319,Mixed,6,1,Old,Old
2319,Mixed,9,1,Low,New
2319,Mixed,3,1,Old,Old
2319,Mixed,3,1,Low,New
2319,Mixed,6,1,High,New
2319,Mixed,9,1,Prototype,Prototype
2319,Mixed,3,1,Old,Old
2319,Mixed,6,1,Low,New
2319,Mixed,3,1,Low,New
2319,Mixed,3,1,High,New
2319,Mixed,9,1,Medium,New
2319,Mixed,9,1,Old,Old
2319,Mixed,6,1,Old,Old
2319,Mixed,6,1,High,New
2319,Mixed,6,1,Low,New
2319,Mixed,6,1,Medium,New
2319,Mixed,3,1,Medium,New
2319,Mixed,6,1,Prototype,Prototype
2319,Mixed,9,1,Low,New
2370,Mixed,6,1,Old,Old
2370,Mixed,3,1,Low,New
2370,Mixed,9,1,High,New
2370,Mixed,9,1,Low,New
2370,Mixed,9,1,Old,Old
2370,Mixed,6,1,Medium,New
2370,Mixed,3,1,Medium,New
2370,Mixed,3,1,Low,New
2370,Mixed,3,1,Medium,New
2370,Mixed,9,1,High,New
2370,Mixed,6,1,Low,New
2370,Mixed,3,1,High,New
2370,Mixed,9,1,Medium,New
2370,Mixed,6,1,Medium,New
2370,Mixed,9,1,Prototype,Prototype
2370,Mixed,6,1,Old,Old
2370,Mixed,3,1,Old,Old
2370,Mixed,3,1,High,New
2370,Mixed,9,1,Medium,New
2370,Mixed,6,1,Old,Old
2370,Mixed,9,1,Old,Old
2370,Mixed,6,1,Low,New
2370,Mixed,6,1,High,New
2370,Mixed,3,1,Low,New
2370,Mixed,9,1,High,New
2370,Mixed,9,1,Medium,New
2370,Mixed,6,1,Medium,New
2370,Mixed,3,1,High,New
2370,Mixed,3,1,Old,Old
2370,Mixed,6,1,Prototype,Prototype
2370,Mixed,6,1,High,New
2370,Mixed,3,1,Medium,New
2370,Mixed,9,1,Low,New
2370,Mixed,9,1,Low,New
2370,Mixed,6,1,High,New
2370,Mixed,9,1,Old,Old
2370,Mixed,3,1,Prototype,Prototype
2370,Mixed,3,1,Old,Old
2370,Mixed,6,1,Low,New
2421,Mixed,9,1,Medium,New
2421,Mixed,9,1,High,New
2421,Mixed,6,1,Medium,New
2421,Mixed,6,1,Low,New
2421,Mixed,6,1,Medium,New
2421,Mixed,6,1,High,New
2421,Mixed,6,1,Old,Old
2421,Mixed,3,1,Low,New
2421,Mixed,3,1,High,New
2421,Mixed,3,1,Medium,New
2421,Mixed,6,1,Prototype,Prototype
2421,Mixed,3,1,Old,Old
2421,Mixed,9,1,Old,Old
2421,Mixed,3,1,High,New
2421,Mixed,3,1,Old,Old
2421,Mixed,9,1,Low,New
2421,Mixed,3,1,Medium,New
2421,Mixed,6,1,High,New
2421,Mixed,3,1,High,New
2421,Mixed,6,1,Low,New
2421,Mixed,3,1,Low,New
2421,Mixed,3,1,Prototype,Prototype
2421,Mixed,9,1,Low,New
2421,Mixed,9,1,Medium,New
2421,Mixed,6,1,Medium,New
2421,Mixed,3,1,Low,New
2421,Mixed,9,1,Medium,New
2421,Mixed,9,1,High,New
2421,Mixed,9,1,Old,Old
2421,Mixed,6,1,Old,Old
2421,Mixed,9,1,Old,Old
2421,Mixed,6,1,High,New
2421,Mixed,3,1,Medium,New
2421,Mixed,6,1,Old,Old
2421,Mixed,6,1,Low,New
2421,Mixed,3,1,Old,Old
2421,Mixed,9,1,Low,New
2421,Mixed,9,1,High,New
2421,Mixed,9,1,Prototype,Prototype
2472,Mixed,3,1,Medium,New
2472,Mixed,9,1,Old,Old
2472,Mixed,3,1,Old,Old
2472,Mixed,6,1,High,New
2472,Mixed,9,1,Medium,New
2472,Mixed,6,1,Low,New
2472,Mixed,9,1,Low,New
2472,Mixed,9,1,Medium,New
2472,Mixed,9,1,High,New
2472,Mixed,3,1,High,New
2472,Mixed,6,1,Medium,New
2472,Mixed,9,1,Prototype,Prototype
2472,Mixed,6,1,Old,Old
2472,Mixed,6,1,Medium,New
2472,Mixed,3,1,High,New
2472,Mixed,3,1,Old,Old
2472,Mixed,3,1,Medium,New
2472,Mixed,9,1,High,New
2472,Mixed,6,1,Low,New
2472,Mixed,6,1,Medium,New
2472,Mixed,6,1,Low,New
2472,Mixed,3,1,Old,Old
2472,Mixed,9,1,Medium,New
2472,Mixed,6,1,High,New
2472,Mixed,3,1,Low,New
2472,Mixed,9,1,High,New
2472,Mixed,3,1,Low,New
2472,Mixed,3,1,High,New
2472,Mixed,6,1,Old,Old
2472,Mixed,3,1,Low,New
2472,Mixed,6,1,Prototype,Prototype
2472,Mixed,9,1,Low,New
2472,Mixed,3,1,Prototype,Prototype
2472,Mixed,9,1,Low,New
2472,Mixed,3,1,Medium,New
2472,Mixed,6,1,High,New
2472,Mixed,9,1,Old,Old
2472,Mixed,9,1,Old,Old
2472,Mixed,6,1,Old,Old
2523,Mixed,3,1,Low,New
2523,Mixed,9,1,Medium,New
2523,Mixed,3,1,High,New
2523,Mixed,3,1,Old,Old
2523,Mixed,6,1,Old,Old
2523,Mixed,6,1,Prototype,Prototype
2523,Mixed,9,1,Old,Old
2523,Mixed,6,1,High,New
2523,Mixed,3,1,Low,New
2523,Mixed,9,1,Prototype,Prototype
2523,Mixed,3,1,Old,Old
2523,Mixed,9,1,Medium,New
2523,Mixed,6,1,Medium,New
2523,Mixed,3,1,Medium,New
2523,Mixed,6,1,Low,New
2523,Mixed,6,1,Old,Old
2523,Mixed,6,1,High,New
2523,Mixed,3,1,High,New
2523,Mixed,9,1,Low,New
2523,Mixed,6,1,Medium,New
2523,Mixed,3,1,Low,New
2523,Mixed,3,1,Medium,New
2523,Mixed,6,1,Old,Old
2523,Mixed,9,1,Low,New
2523,Mixed,3,1,Old,Old
2523,Mixed,6,1,Low,New
2523,Mixed,9,1,Old,Old
2523,Mixed,6,1,Low,New
2523,Mixed,9,1,Low,New
2523,Mixed,9,1,High,New
2523,Mixed,3,1,Prototype,Prototype
2523,Mixed,3,1,Medium,New
2523,Mixed,9,1,High,New
2523,Mixed,6,1,Medium,New
2523,Mixed,3,1,High,New
2523,Mixed,9,1,Medium,New
2523,Mixed,9,1,High,New
2523,Mixed,9,1,Old,Old
2523,Mixed,6,1,High,New
2574,Mixed,9,1,Medium,New
2574,Mixed,9,1,Low,New
2574,Mixed,3,1,Low,New
2574,Mixed,3,1,Medium,New
2574,Mixed,9,1,Low,New
2574,Mixed,6,1,Medium,New
2574,Mixed,3,1,Medium,New
2574,Mixed,6,1,High,New
2574,Mixed,6,1,Old,Old
2574,Mixed,6,1,Low,New
2574,Mixed,3,1,Old,Old
2574,Mixed,6,1,High,New
2574,Mixed,3,1,Old,Old
2574,Mixed,6,1,Old,Old
2574,Mixed,9,1,High,New
2574,Mixed,6,1,Low,New
2574,Mixed,6,1,High,New
2574,Mixed,6,1,Medium,New
2574,Mixed,6,1,Prototype,Prototype
2574,Mixed,3,1,High,New
2574,Mixed,3,1,Old,Old
2574,Mixed,3,1,High,New
2574,Mixed,3,1,Prototype,Prototype
2574,Mixed,9,1,Low,New
2574,Mixed,9,1,High,New
2574,Mixed,9,1,Medium,New
2574,Mixed,9,1,High,New
2574,Mixed,9,1,Old,Old
2574,Mixed,9,1,Old,Old
2574,Mixed,3,1,Medium,New
2574,Mixed,6,1,Medium,New
2574,Mixed,6,1,Old,Old
2574,Mixed,3,1,Low,New
2574,Mixed,3,1,Low,New
2574,Mixed,9,1,Medium,New
2574,Mixed,3,1,High,New
2574,Mixed,9,1,Old,Old
2574,Mixed,9,1,Prototype,Prototype
2574,Mixed,6,1,Low,New
2625,Mixed,9,1,Low,New
2625,Mixed,9,1,Old,Old
2625,Mixed,3,1,High,New
2625,Mixed,6,1,High,New
2625,Mixed,6,1,Low,New
2625,Mixed,9,1,High,New
2625,Mixed,3,1,Low,New
2625,Mixed,9,1,High,New
2625,Mixed,9,1,Old,Old
2625,Mixed,3,1,High,New
2625,Mixed,3,1,Medium,New
2625,Mixed,6,1,Low,New
2625,Mixed,3,1,Low,New
2625,Mixed,6,1,Old,Old
2625,Mixed,9,1,Medium,New
2625,Mixed,6,1,High,New
2625,Mixed,3,1,Prototype,Prototype
2625,Mixed,6,1,Old,Old
2625,Mixed,6,1,Medium,New
2625,Mixed,9,1,Low,New
2625,Mixed,6,1,Low,New
2625,Mixed,6,1,Medium,New
2625,Mixed,3,1,Medium,New
2625,Mixed,9,1,High,New
2625,Mixed,6,1,Medium,New
2625,Mixed,3,1,Old,Old
2625,Mixed,3,1,Low,New
2625,Mixed,6,1,Old,Old
2625,Mixed,9,1,Medium,New
2625,Mixed,6,1,Prototype,Prototype
2625,Mixed,9,1,Prototype,Prototype
2625,Mixed,6,1,High,New
2625,Mixed,9,1,Low,New
2625,Mixed,9,1,Old,Old
2625,Mixed,3,1,High,New
2625,Mixed,3,1,Old,Old
2625,Mixed,3,1,Medium,New
2625,Mixed,9,1,Medium,New
2625,Mixed,3,1,Old,Old
2676,Mixed,3,1,Low,New
2676,Mixed,6,1,High,New
2676,Mixed,6,1,Prototype,Prototype
2676,Mixed,3,1,Prototype,Prototype
2676,Mixed,6,1,Medium,New
2676,Mixed,3,1,Old,Old
2676,Mixed,9,1,Old,Old
2676,Mixed,6,1,Old,Old
2676,Mixed,3,1,High,New
2676,Mixed,3,1,Low,New
2676,Mixed,6,1,Old,Old
2676,Mixed,6,1,Low,New
2676,Mixed,6,1,High,New
2676,Mixed,3,1,Old,Old
2676,Mixed,9,1,Low,New
2676,Mixed,9,1,Medium,New
2676,Mixed,6,1,High,New
2676,Mixed,9,1,Old,Old
2676,Mixed,3,1,Low,New
2676,Mixed,6,1,Low,New
2676,Mixed,9,1,Low,New
2676,Mixed,3,1,Medium,New
2676,Mixed,9,1,Prototype,Prototype
2676,Mixed,6,1,Medium,New
2676,Mixed,3,1,High,New
2676,Mixed,9,1,Medium,New
2676,Mixed,3,1,Old,Old
2676,Mixed,3,1,Medium,New
2676,Mixed,6,1,Old,Old
2676,Mixed,9,1,High,New
2676,Mixed,9,1,Medium,New
2676,Mixed,3,1,Medium,New
2676,Mixed,3,1,High,New
2676,Mixed,6,1,Medium,New
2676,Mixed,9,1,High,New
2676,Mixed,9,1,Old,Old
2676,Mixed,9,1,High,New
2676,Mixed,9,1,Low,New
2676,Mixed,6,1,Low,New
2727,Mixed,3,1,High,New
2727,Mixed,6,1,Low,New
2727,Mixed,9,1,High,New
2727,Mixed,6,1,Old,Old
2727,Mixed,6,1,High,New
2727,Mixed,6,1,Medium,New
2727,Mixed,3,1,Medium,New
2727,Mixed,9,1,High,New
2727,Mixed,6,1,Low,New
2727,Mixed,6,1,Prototype,Prototype
2727,Mixed,3,1,Prototype,Prototype
2727,Mixed,9,1,Prototype,Prototype
2727,Mixed,9,1,Medium,New
2727,Mixed,6,1,Medium,New
2727,Mixed,9,1,Medium,New
2727,Mixed,6,1,High,New
2727,Mixed,3,1,Low,New
2727,Mixed,3,1,Old,Old
2727,Mixed,6,1,Low,New
2727,Mixed,9,1,Low,New
2727,Mixed,9,1,Low,New
2727,Mixed,3,1,Medium,New
2727,Mixed,3,1,Old,Old
2727,Mixed,9,1,High,New
2727,Mixed,9,1,Medium,New
2727,Mixed,9,1,Low,New
2727,Mixed,6,1,High,New
2727,Mixed,9,1,Old,Old
2727,Mixed,6,1,Old,Old
2727,Mixed,3,1,Low,New
2727,Mixed,9,1,Old,Old
2727,Mixed,6,1,Medium,New
2727,Mixed,3,1,High,New
2727,Mixed,3,1,Old,Old
2727,Mixed,3,1,High,New
2727,Mixed,6,1,Old,Old
2727,Mixed,3,1,Medium,New
2727,Mixed,9,1,Old,Old
2727,Mixed,3,1,Low,New
2778,Mixed,6,1,Old,Old
2778,Mixed,9,1,Low,New
2778,Mixed,3,1,High,New
2778,Mixed,6,1,Old,Old
2778,Mixed,3,1,High,New
2778,Mixed,9,1,Low,New
2778,Mixed,9,1,Medium,New
2778,Mixed,9,1,High,New
2778,Mixed,6,1,Prototype,Prototype
2778,Mixed,9,1,Low,New
2778,Mixed,6,1,High,New
2778,Mixed,6,1,High,New
2778,Mixed,6,1,Medium,New
2778,Mixed,3,1,High,New
2778,Mixed,9,1,Medium,New
2778,Mixed,3,1,Low,New
2778,Mixed,9,1,Old,Old
2778,Mixed,9,1,Old,Old
2778,Mixed,9,1,High,New
2778,Mixed,9,1,High,New
2778,Mixed,6,1,Medium,New
2778,Mixed,9,1,Prototype,Prototype
2778,Mixed,3,1,Old,Old
2778,Mixed,3,1,Medium,New
2778,Mixed,9,1,Medium,New
2778,Mixed,6,1,Old,Old
2778,Mixed,3,1,Old,Old
2778,Mixed,9,1,Old,Old
2778,Mixed,3,1,Low,New
2778,Mixed,6,1,High,New
2778,Mixed,3,1,Medium,New
2778,Mixed,3,1,Low,New
2778,Mixed,6,1,Low,New
2778,Mixed,6,1,Low,New
2778,Mixed,3,1,Prototype,Prototype
2778,Mixed,6,1,Medium,New
2778,Mixed,3,1,Medium,New
2778,Mixed,6,1,Low,New
2778,Mixed,3,1,Old,Old
2829,Mixed,9,1,Old,Old
2829,Mixed,6,1,Old,Old
2829,Mixed,6,1,Medium,New
2829,Mixed,3,1,Medium,New
2829,Mixed,9,1,High,New
2829,Mixed,3,1,Prototype,Prototype
2829,Mixed,6,1,Low,New
2829,Mixed,3,1,High,New
2829,Mixed,9,1,High,New
2829,Mixed,9,1,Prototype,Prototype
2829,Mixed,9,1,Low,New
2829,Mixed,3,1,Low,New
2829,Mixed,6,1,Old,Old
2829,Mixed,3,1,High,New
2829,Mixed,6,1,Low,New
2829,Mixed,9,1,Medium,New
2829,Mixed,9,1,Medium,New
2829,Mixed,6,1,Low,New
2829,Mixed,6,1,High,New
2829,Mixed,9,1,Old,Old
2829,Mixed,9,1,Old,Old
2829,Mixed,6,1,High,New
2829,Mixed,9,1,Low,New
2829,Mixed,6,1,Prototype,Prototype
2829,Mixed,6,1,Medium,New
2829,Mixed,3,1,Low,New
2829,Mixed,6,1,Medium,New
2829,Mixed,3,1,High,New
2829,Mixed,6,1,Old,Old
2829,Mixed,3,1,Old,Old
2829,Mixed,3,1,Medium,New
2829,Mixed,3,1,Old,Old
2829,Mixed,9,1,High,New
2829,Mixed,3,1,Low,New
2829,Mixed,9,1,Medium,New
2829,Mixed,6,1,High,New
2829,Mixed,9,1,Low,New
2829,Mixed,3,1,Medium,New
2829,Mixed,3,1,Old,Old
2880,Mixed,9,1,High,New
2880,Mixed,3,1,High,New
2880,Mixed,3,1,Medium,New
2880,Mixed,9,1,High,New
2880,Mixed,6,1,Medium,New
2880,Mixed,3,1,Prototype,Prototype
2880,Mixed,6,1,Old,Old
2880,Mixed,6,1,High,New
2880,Mixed,6,1,High,New
2880,Mixed,9,1,Medium,New
2880,Mixed,3,1,Old,Old
2880,Mixed,3,1,Old,Old
2880,Mixed,9,1,Prototype,Prototype
2880,Mixed,9,1,Old,Old
2880,Mixed,6,1,Medium,New
2880,Mixed,6,1,Low,New
2880,Mixed,9,1,Low,New
2880,Mixed,9,1,Low,New
2880,Mixed,6,1,Prototype,Prototype
2880,Mixed,3,1,Low,New
2880,Mixed,6,1,Medium,New
2880,Mixed,9,1,Medium,New
2880,Mixed,9,1,Old,Old
2880,Mixed,3,1,Old,Old
2880,Mixed,6,1,Low,New
2880,Mixed,6,1,Old,Old
2880,Mixed,9,1,Low,New
2880,Mixed,6,1,Low,New
2880,Mixed,3,1,Medium,New
2880,Mixed,3,1,High,New
2880,Mixed,9,1,Medium,New
2880,Mixed,3,1,High,New
2880,Mixed,3,1,Medium,New
2880,Mixed,9,1,Old,Old
2880,Mixed,3,1,Low,New
2880,Mixed,3,1,Low,New
2880,Mixed,9,1,High,New
2880,Mixed,6,1,Old,Old
2880,Mixed,6,1,High,New
2931,Mixed,9,1,Old,Old
2931,Mixed,9,1,Medium,New
2931,Mixed,3,1,Prototype,Prototype
2931,Mixed,6,1,Medium,New
2931,Mixed,3,1,Old,Old
2931,Mixed,3,1,Medium,New
2931,Mixed,6,1,High,New
2931,Mixed,9,1,Low,New
2931,Mixed,9,1,High,New
2931,Mixed,9,1,Medium,New
2931,Mixed,3,1,High,New
2931,Mixed,9,1,Prototype,Prototype
2931,Mixed,6,1,Prototype,Prototype
2931,Mixed,3,1,Medium,New
2931,Mixed,9,1,Low,New
2931,Mixed,9,1,Low,New
2931,Mixed,6,1,Medium,New
2931,Mixed,6,1,High,New
2931,Mixed,6,1,Low,New
2931,Mixed,9,1,Medium,New
2931,Mixed,3,1,Low,New
2931,Mixed,3,1,Low,New
2931,Mixed,6,1,High,New
2931,Mixed,9,1,High,New
2931,Mixed,9,1,Old,Old
2931,Mixed,3,1,Low,New
2931,Mixed,6,1,Old,Old
2931,Mixed,3,1,Old,Old
2931,Mixed,3,1,Old,Old
2931,Mixed,3,1,High,New
2931,Mixed,6,1,Low,New
2931,Mixed,6,1,Old,Old
2931,Mixed,6,1,Low,New
2931,Mixed,3,1,High,New
2931,Mixed,6,1,Medium,New
2931,Mixed,6,1,Old,Old
2931,Mixed,3,1,Medium,New
2931,Mixed,9,1,High,New
2931,Mixed,9,1,Old,Old
